candidato,departamento,provincia,votos,votos_estimados,votos_restantes,avance_pct,total_region,pct_region_actual,pct_region_proyectado
ROBERTO HELBERT SANCHEZ PALOMINO,AMAZONAS,BAGUA,13037,14109.307359307359,1072.3073593073586,92.4,216072.2694817257,6.033629410784989,6.529901959724013
RAFAEL BERNARDO LÓPEZ ALIAGA CAZORLA,AMAZONAS,BAGUA,962,1041.125541125541,79.12554112554108,92.4,216072.2694817257,0.4452214077759576,0.48184135040688053
JORGE NIETO MONTESINOS,AMAZONAS,BAGUA,712,770.5627705627705,58.56277056277054,92.4,216072.2694817257,0.32951937872815157,0.3566227042512463
ROBERTO HELBERT SANCHEZ PALOMINO,AMAZONAS,BONGARÁ,3180,3180.0,0.0,100.0,216072.2694817257,1.4717298094880928,1.4717298094880928
JORGE NIETO MONTESINOS,AMAZONAS,BONGARÁ,561,561.0,0.0,100.0,216072.2694817257,0.25963535318327674,0.25963535318327674
RAFAEL BERNARDO LÓPEZ ALIAGA CAZORLA,AMAZONAS,BONGARÁ,380,380.0,0.0,100.0,216072.2694817257,0.17586708415266517,0.17586708415266517
ROBERTO HELBERT SANCHEZ PALOMINO,AMAZONAS,CHACHAPOYAS,3893,4297.478694749857,404.4786947498569,90.588,216072.2694817257,1.8017119963324355,1.9889080190891022
JORGE NIETO MONTESINOS,AMAZONAS,CHACHAPOYAS,2124,2344.6814147569216,220.68141475692164,90.588,216072.2694817257,0.9830044387901601,1.0851375886322252
RAFAEL BERNARDO LÓPEZ ALIAGA CAZORLA,AMAZONAS,CHACHAPOYAS,1482,1635.9782752682477,153.97827526824767,90.588,216072.2694817257,0.6858816281953941,0.7571440237066657
ROBERTO HELBERT SANCHEZ PALOMINO,AMAZONAS,CONDORCANQUI,9495,11014.186782975861,1519.1867829758612,86.207,216072.2694817257,4.394363063235673,5.097455036407338
RAFAEL BERNARDO LÓPEZ ALIAGA CAZORLA,AMAZONAS,CONDORCANQUI,144,167.03979955224057,23.039799552240567,86.207,216072.2694817257,0.06664436873153629,0.07730737495973214
JORGE NIETO MONTESINOS,AMAZONAS,CONDORCANQUI,43,49.87994014407183,6.879940144071831,86.207,216072.2694817257,0.01990074899622264,0.023084841133808903
ROBERTO HELBERT SANCHEZ PALOMINO,AMAZONAS,LUYA,5232,5437.199925176148,205.1999251761481,96.226,216072.2694817257,2.4214120639124848,2.516380254725838
JORGE NIETO MONTESINOS,AMAZONAS,LUYA,569,591.3162762662897,22.31627626628972,96.226,216072.2694817257,0.26333781811280654,0.273665971892011
RAFAEL BERNARDO LÓPEZ ALIAGA CAZORLA,AMAZONAS,LUYA,515,535.1983871302974,20.19838713029742,96.226,216072.2694817257,0.23834617983848044,0.24769415733635444
ROBERTO HELBERT SANCHEZ PALOMINO,AMAZONAS,RODRÍGUEZ DE MENDOZA,2506,2556.125623476372,50.12562347637186,98.039,216072.2694817257,1.1597971391752078,1.1829956845492178
RAFAEL BERNARDO LÓPEZ ALIAGA CAZORLA,AMAZONAS,RODRÍGUEZ DE MENDOZA,893,910.8620038964086,17.862003896408623,98.039,216072.2694817257,0.41328764775876314,0.4215543281334604
JORGE NIETO MONTESINOS,AMAZONAS,RODRÍGUEZ DE MENDOZA,529,539.5811870786116,10.581187078611606,98.039,216072.2694817257,0.24482549346515758,0.24972255272407673
ROBERTO HELBERT SANCHEZ PALOMINO,AMAZONAS,UTCUBAMBA,15939,18761.47652902679,2822.4765290267896,84.956,216072.2694817257,7.376698563971922,8.682963609364755
RAFAEL BERNARDO LÓPEZ ALIAGA CAZORLA,AMAZONAS,UTCUBAMBA,1256,1478.4123546306323,222.4123546306323,84.956,216072.2694817257,0.5812869939361776,0.684221236800435
JORGE NIETO MONTESINOS,AMAZONAS,UTCUBAMBA,1023,1204.152737887848,181.15273788784793,84.956,216072.2694817257,0.47345270286362234,0.5572916602283798
ROBERTO HELBERT SANCHEZ PALOMINO,ANCASH,AIJA,639,639.0,0.0,100.0,698645.5707573289,0.09146268533661878,0.09146268533661878
JORGE NIETO MONTESINOS,ANCASH,AIJA,135,135.0,0.0,100.0,698645.5707573289,0.019323102535905377,0.019323102535905377
RAFAEL BERNARDO LÓPEZ ALIAGA CAZORLA,ANCASH,AIJA,84,84.0,0.0,100.0,698645.5707573289,0.0120232638001189,0.0120232638001189
ROBERTO HELBERT SANCHEZ PALOMINO,ANCASH,ANTONIO RAIMONDI,1583,1867.1195876531854,284.11958765318536,84.783,698645.5707573289,0.22658126899509787,0.2672484684371842
JORGE NIETO MONTESINOS,ANCASH,ANTONIO RAIMONDI,88,103.79439274382837,15.794392743828368,84.783,698645.5707573289,0.012595800171553132,0.014856516249192804
RAFAEL BERNARDO LÓPEZ ALIAGA CAZORLA,ANCASH,ANTONIO RAIMONDI,73,86.10216670794853,13.102166707948527,84.783,698645.5707573289,0.010448788778674759,0.012324155524898574
ROBERTO HELBERT SANCHEZ PALOMINO,ANCASH,ASUNCIÓN,520,664.4433370388828,144.44333703888276,78.261,698645.5707573289,0.07442972828645034,0.09510449430297381
JORGE NIETO MONTESINOS,ANCASH,ASUNCIÓN,108,137.99977000038334,29.999770000383336,78.261,698645.5707573289,0.0154584820287243,0.019752471893694563
RAFAEL BERNARDO LÓPEZ ALIAGA CAZORLA,ANCASH,ASUNCIÓN,94,120.11091092625958,26.110910926259578,78.261,698645.5707573289,0.013454604728704484,0.017191966277845267
ROBERTO HELBERT SANCHEZ PALOMINO,ANCASH,BOLOGNESI,1806,1827.4912976604874,21.491297660487362,98.824,698645.5707573289,0.25850017170255635,0.2615763090975435
JORGE NIETO MONTESINOS,ANCASH,BOLOGNESI,519,525.1760705901401,6.176070590140057,98.824,698645.5707573289,0.07428659419359177,0.0751706004549419
RAFAEL BERNARDO LÓPEZ ALIAGA CAZORLA,ANCASH,BOLOGNESI,351,355.1768801100947,4.176880110094714,98.824,698645.5707573289,0.05024006659335397,0.050837920538891336
ROBERTO HELBERT SANCHEZ PALOMINO,ANCASH,CARHUAZ,6213,6519.27556609515,306.27556609514977,95.302,698645.5707573289,0.889292118930223,0.9331305942479936
JORGE NIETO MONTESINOS,ANCASH,CARHUAZ,815,855.1761767853769,40.176176785376924,95.302,698645.5707573289,0.11665428567972504,0.12240486629842504
RAFAEL BERNARDO LÓPEZ ALIAGA CAZORLA,ANCASH,CARHUAZ,778,816.3522276552433,38.35222765524327,95.302,698645.5707573289,0.11135832424395839,0.11684783555849655
ROBERTO HELBERT SANCHEZ PALOMINO,ANCASH,CARLOS FERMÍN FITZCARRALD,2184,2489.768465212782,305.76846521278185,87.719,698645.5707573289,0.3126048588030914,0.3563707506960766
RAFAEL BERNARDO LÓPEZ ALIAGA CAZORLA,ANCASH,CARLOS FERMÍN FITZCARRALD,185,210.90071706243802,25.90071706243802,87.719,698645.5707573289,0.026479807178833293,0.03018708281995154
JORGE NIETO MONTESINOS,ANCASH,CARLOS FERMÍN FITZCARRALD,139,158.4605387658318,19.460538765831814,87.719,698645.5707573289,0.01989563890733961,0.022681105470125754
ROBERTO HELBERT SANCHEZ PALOMINO,ANCASH,CASMA,1759,2675.936349529924,916.936349529924,65.734,698645.5707573289,0.2517728693382041,0.38301772193720773
RAFAEL BERNARDO LÓPEZ ALIAGA CAZORLA,ANCASH,CASMA,1291,1963.9760245839293,672.9760245839293,65.734,698645.5707573289,0.1847861138803988,0.2811119266747784
JORGE NIETO MONTESINOS,ANCASH,CASMA,844,1283.962637295768,439.962637295768,65.734,698645.5707573289,0.12080517437262324,0.1837788273536119
ROBERTO HELBERT SANCHEZ PALOMINO,ANCASH,CORONGO,576,598.155686632882,22.155686632881952,96.296,698645.5707573289,0.0824452374865296,0.08561647159438565
RAFAEL BERNARDO LÓPEZ ALIAGA CAZORLA,ANCASH,CORONGO,100,103.84647337376423,3.8464733737642263,96.296,698645.5707573289,0.014313409285855833,0.014863970762914175
JORGE NIETO MONTESINOS,ANCASH,CORONGO,61,63.346348757996175,2.346348757996175,96.296,698645.5707573289,0.00873117966437206,0.009067022165377645
ROBERTO HELBERT SANCHEZ PALOMINO,ANCASH,HUARAZ,9441,10177.549238381682,736.5492383816818,92.763,698645.5707573289,1.3513289706776492,1.4567542777590732
JORGE NIETO MONTESINOS,ANCASH,HUARAZ,7731,8334.141845347822,603.1418453478218,92.763,698645.5707573289,1.1065696718895144,1.192899832788412
RAFAEL BERNARDO LÓPEZ ALIAGA CAZORLA,ANCASH,HUARAZ,4632,4993.370201481193,361.37020148119336,92.763,698645.5707573289,0.6629971181208422,0.7147215140959673
ROBERTO HELBERT SANCHEZ PALOMINO,ANCASH,HUARI,9264,10363.11161822941,1099.11161822941,89.394,698645.5707573289,1.3259942362416843,1.4833145806672532
JORGE NIETO MONTESINOS,ANCASH,HUARI,1414,1581.761639483634,167.7616394836341,89.394,698645.5707573289,0.20239160730200148,0.22640401738595597
RAFAEL BERNARDO LÓPEZ ALIAGA CAZORLA,ANCASH,HUARI,1186,1326.7109649417187,140.71096494171866,89.394,698645.5707573289,0.1697570341302502,0.1898975704524355
ROBERTO HELBERT SANCHEZ PALOMINO,ANCASH,HUARMEY,1343,1597.991504348964,254.9915043489641,84.043,698645.5707573289,0.19222908670904384,0.22872706437067195
JORGE NIETO MONTESINOS,ANCASH,HUARMEY,921,1095.8675915900194,174.8675915900194,84.043,698645.5707573289,0.13182649952273223,0.1568560136153305
RAFAEL BERNARDO LÓPEZ ALIAGA CAZORLA,ANCASH,HUARMEY,744,885.2611163333056,141.2611163333056,84.043,698645.5707573289,0.1064917650867674,0.12671104682932238
ROBERTO HELBERT SANCHEZ PALOMINO,ANCASH,HUAYLAS,3555,3685.847589424572,130.8475894245721,96.45,698645.5707573289,0.5088417001121749,0.52757045112719
JORGE NIETO MONTESINOS,ANCASH,HUAYLAS,1096,1136.3400725764645,40.340072576464536,96.45,698645.5707573289,0.15687496577297994,0.1626490054670606
RAFAEL BERNARDO LÓPEZ ALIAGA CAZORLA,ANCASH,HUAYLAS,1021,1058.5795749092795,37.57957490927947,96.45,698645.5707573289,0.14613990880858804,0.151518827173238
ROBERTO HELBERT SANCHEZ PALOMINO,ANCASH,MARISCAL LUZURIAGA,3674,3780.4965889095824,106.49658890958244,97.183,698645.5707573289,0.5258746571623434,0.5411179498084473
RAFAEL BERNARDO LÓPEZ ALIAGA CAZORLA,ANCASH,MARISCAL LUZURIAGA,142,146.11609026270025,4.116090262700254,97.183,698645.5707573289,0.02032504118591528,0.020914194031790827
JORGE NIETO MONTESINOS,ANCASH,MARISCAL LUZURIAGA,100,102.89865511457765,2.8986551145776502,97.183,698645.5707573289,0.014313409285855833,0.014728305656190726
ROBERTO HELBERT SANCHEZ PALOMINO,ANCASH,OCROS,162,486.00486004860056,324.00486004860056,33.333,698645.5707573289,0.02318772304308645,0.06956386476790703
RAFAEL BERNARDO LÓPEZ ALIAGA CAZORLA,ANCASH,OCROS,44,132.00132001320014,88.00132001320014,33.333,698645.5707573289,0.006297900085776566,0.018893889196221664
JORGE NIETO MONTESINOS,ANCASH,OCROS,31,93.0009300093001,62.000930009300106,33.333,698645.5707573289,0.004437156878615308,0.013311603751883446
ROBERTO HELBERT SANCHEZ PALOMINO,ANCASH,PALLASCA,1995,2197.4027690579255,202.40276905792552,90.789,698645.5707573289,0.2855525152528239,0.31452325199399034
RAFAEL BERNARDO LÓPEZ ALIAGA CAZORLA,ANCASH,PALLASCA,314,345.8568769344304,31.856876934430375,90.789,698645.5707573289,0.044944105157587316,0.049503910338903744
JORGE NIETO MONTESINOS,ANCASH,PALLASCA,162,178.43571357763605,16.43571357763605,90.789,698645.5707573289,0.02318772304308645,0.02554023399650448
ROBERTO HELBERT SANCHEZ PALOMINO,ANCASH,POMABAMBA,3467,3804.079482987525,337.0794829875249,91.139,698645.5707573289,0.4962458999406218,0.544493465959273
RAFAEL BERNARDO LÓPEZ ALIAGA CAZORLA,ANCASH,POMABAMBA,369,404.8760684229584,35.87606842295838,91.139,698645.5707573289,0.05281648026480803,0.05795156877385975
JORGE NIETO MONTESINOS,ANCASH,POMABAMBA,173,189.81994535818916,16.81994535818916,91.139,698645.5707573289,0.024762198064530592,0.027169705685305513
ROBERTO HELBERT SANCHEZ PALOMINO,ANCASH,RECUAY,1435,1435.0,0.0,100.0,698645.5707573289,0.2053974232520312,0.2053974232520312
JORGE NIETO MONTESINOS,ANCASH,RECUAY,553,553.0,0.0,100.0,698645.5707573289,0.07915315335078275,0.07915315335078275
RAFAEL BERNARDO LÓPEZ ALIAGA CAZORLA,ANCASH,RECUAY,335,335.0,0.0,100.0,698645.5707573289,0.04794992110761704,0.04794992110761704
JORGE NIETO MONTESINOS,ANCASH,SANTA,20890,22632.228987454226,1742.2289874542257,92.302,698645.5707573289,2.9900711998152834,3.239443565486429
RAFAEL BERNARDO LÓPEZ ALIAGA CAZORLA,ANCASH,SANTA,17267,18707.070269333275,1440.070269333275,92.302,698645.5707573289,2.4714963813887265,2.677619533042325
ROBERTO HELBERT SANCHEZ PALOMINO,ANCASH,SANTA,14655,15877.229095794239,1222.2290957942387,92.302,698645.5707573289,2.0976301308421723,2.2725727837340166
ROBERTO HELBERT SANCHEZ PALOMINO,ANCASH,SIHUAS,2985,3279.8233180604543,294.8233180604543,91.011,698645.5707573289,0.4272552671827966,0.46945453536693
RAFAEL BERNARDO LÓPEZ ALIAGA CAZORLA,ANCASH,SIHUAS,234,257.11177769720143,23.111777697201433,91.011,698645.5707573289,0.03349337772890265,0.036801461063940236
JORGE NIETO MONTESINOS,ANCASH,SIHUAS,180,197.77829053630882,17.778290536308816,91.011,698645.5707573289,0.025764136714540503,0.028308816203030954
ROBERTO HELBERT SANCHEZ PALOMINO,ANCASH,YUNGAY,7005,7262.830482115085,257.83048211508503,96.45,698645.5707573289,1.002654320474201,1.0395586526430287
JORGE NIETO MONTESINOS,ANCASH,YUNGAY,917,950.7516848107828,33.75168481078276,96.45,698645.5707573289,0.13125396315129798,0.13608497993913737
RAFAEL BERNARDO LÓPEZ ALIAGA CAZORLA,ANCASH,YUNGAY,599,621.047174701918,22.04717470191804,96.45,698645.5707573289,0.08573732162227644,0.08889302397332964
ROBERTO HELBERT SANCHEZ PALOMINO,APURIMAC,ABANCAY,14580,14768.744555418245,188.744555418245,98.722,255391.01389335294,5.708893111677127,5.78279726066847
JORGE NIETO MONTESINOS,APURIMAC,ABANCAY,3460,3504.7912319442476,44.791231944247556,98.722,255391.01389335294,1.3547853337724869,1.3723236297608303
RAFAEL BERNARDO LÓPEZ ALIAGA CAZORLA,APURIMAC,ABANCAY,2811,2847.3896395940114,36.38963959401144,98.722,255391.01389335294,1.1006651945764339,1.1149137928490445
ROBERTO HELBERT SANCHEZ PALOMINO,APURIMAC,ANDAHUAYLAS,30833,32553.793525772326,1720.7935257723257,94.714,255391.01389335294,12.072860172314186,12.746647984790197
RAFAEL BERNARDO LÓPEZ ALIAGA CAZORLA,APURIMAC,ANDAHUAYLAS,2055,2169.689802985831,114.6898029858312,94.714,255391.01389335294,0.8046485147116937,0.8495560473759887
JORGE NIETO MONTESINOS,APURIMAC,ANDAHUAYLAS,2019,2131.6806385539626,112.68063855396258,94.714,255391.01389335294,0.7905524823371824,0.8346733136993291
ROBERTO HELBERT SANCHEZ PALOMINO,APURIMAC,ANTABAMBA,2528,2588.2015684829125,60.201568482912535,97.674,255391.01389335294,0.98985471785458,1.0134270305860107
RAFAEL BERNARDO LÓPEZ ALIAGA CAZORLA,APURIMAC,ANTABAMBA,115,117.73859983209451,2.7385998320945077,97.674,255391.01389335294,0.04502899230746705,0.04610130874896804
JORGE NIETO MONTESINOS,APURIMAC,ANTABAMBA,108,110.5719024510105,2.5719024510105015,97.674,255391.01389335294,0.04228809712353428,0.04329514212946564
ROBERTO HELBERT SANCHEZ PALOMINO,APURIMAC,AYMARAES,5140,5243.827790246889,103.82779024688898,98.02,255391.01389335294,2.012600177916353,2.053254619380079
JORGE NIETO MONTESINOS,APURIMAC,AYMARAES,406,414.2011834319527,8.2011834319527,98.02,255391.01389335294,0.15897192066810106,0.16218314697827085
RAFAEL BERNARDO LÓPEZ ALIAGA CAZORLA,APURIMAC,AYMARAES,350,357.0699857172006,7.069985717200609,98.02,255391.01389335294,0.13704475919663886,0.13981305773988867
ROBERTO HELBERT SANCHEZ PALOMINO,APURIMAC,CHINCHEROS,9232,11540.0,2308.0,80.0,255391.01389335294,3.6148491911524854,4.518561488940607
RAFAEL BERNARDO LÓPEZ ALIAGA CAZORLA,APURIMAC,CHINCHEROS,339,423.75,84.75,80.0,255391.01389335294,0.1327376381933159,0.1659220477416449
JORGE NIETO MONTESINOS,APURIMAC,CHINCHEROS,286,357.5,71.5,80.0,255391.01389335294,0.11198514608639631,0.1399814326079954
ROBERTO HELBERT SANCHEZ PALOMINO,APURIMAC,COTABAMBAS,9997,10303.636213720316,306.63621372031594,97.024,255391.01389335294,3.914389879110853,4.034455267883052
JORGE NIETO MONTESINOS,APURIMAC,COTABAMBAS,529,545.2259234828496,16.225923482849566,97.024,255391.01389335294,0.20713336461434845,0.21348672968992044
RAFAEL BERNARDO LÓPEZ ALIAGA CAZORLA,APURIMAC,COTABAMBAS,276,284.46569920844325,8.465699208443255,97.024,255391.01389335294,0.10806958153792093,0.11138438070778457
ROBERTO HELBERT SANCHEZ PALOMINO,APURIMAC,GRAU,5311,5651.442921597003,340.4429215970031,93.976,255391.01389335294,2.079556331695283,2.2128589551537443
JORGE NIETO MONTESINOS,APURIMAC,GRAU,233,247.9356431429301,14.935643142930104,93.976,255391.01389335294,0.09123265397947672,0.0970808014593904
RAFAEL BERNARDO LÓPEZ ALIAGA CAZORLA,APURIMAC,GRAU,100,106.41014727164382,6.410147271643822,93.976,255391.01389335294,0.039155645484753955,0.04166558002548944
JORGE NIETO MONTESINOS,AREQUIPA,AREQUIPA,143181,147098.2257517696,3917.2257517696125,97.337,994543.4308672425,14.396656350657915,14.790528114342866
RAFAEL BERNARDO LÓPEZ ALIAGA CAZORLA,AREQUIPA,AREQUIPA,81635,83868.41591583878,2233.4159158387774,97.337,994543.4308672425,8.208289096918998,8.432856053627086
ROBERTO HELBERT SANCHEZ PALOMINO,AREQUIPA,AREQUIPA,52401,53834.61581926708,1433.6158192670773,97.337,994543.4308672425,5.268849843420743,5.41299797961797
ROBERTO HELBERT SANCHEZ PALOMINO,AREQUIPA,CAMANÁ,5278,5489.1112174220525,211.1112174220525,96.154,994543.4308672425,0.5306957782022229,0.55192272625395
JORGE NIETO MONTESINOS,AREQUIPA,CAMANÁ,3128,3253.114795016328,125.11479501632812,96.154,994543.4308672425,0.314516179275588,0.3270963030925266
RAFAEL BERNARDO LÓPEZ ALIAGA CAZORLA,AREQUIPA,CAMANÁ,2978,3097.1150446159286,119.11504461592858,96.154,994543.4308672425,0.29943388167605534,0.3114107386859156
ROBERTO HELBERT SANCHEZ PALOMINO,AREQUIPA,CARAVELÍ,4281,4281.0,0.0,100.0,994543.4308672425,0.43044877349066246,0.43044877349066246
JORGE NIETO MONTESINOS,AREQUIPA,CARAVELÍ,1270,1270.0,0.0,100.0,994543.4308672425,0.12769678634270995,0.12769678634270995
RAFAEL BERNARDO LÓPEZ ALIAGA CAZORLA,AREQUIPA,CARAVELÍ,1192,1192.0,0.0,100.0,994543.4308672425,0.11985399159095296,0.11985399159095296
ROBERTO HELBERT SANCHEZ PALOMINO,AREQUIPA,CASTILLA,2607,2631.8180441563945,24.818044156394535,99.057,994543.4308672425,0.2621303322798778,0.2646257531319118
JORGE NIETO MONTESINOS,AREQUIPA,CASTILLA,1685,1701.0408148843594,16.040814884359406,99.057,994543.4308672425,0.1694244763680837,0.17103735866024983
RAFAEL BERNARDO LÓPEZ ALIAGA CAZORLA,AREQUIPA,CASTILLA,923,931.78674904348,8.786749043479972,99.057,994543.4308672425,0.0928064045624577,0.09368990032249887
ROBERTO HELBERT SANCHEZ PALOMINO,AREQUIPA,CAYLLOMA,12789,13231.46002317497,442.46002317497005,96.656,994543.4308672425,1.2859166933361557,1.3304054516389625
JORGE NIETO MONTESINOS,AREQUIPA,CAYLLOMA,5680,5876.510511504717,196.51051150471721,96.656,994543.4308672425,0.5711163357689705,0.5908752025419741
RAFAEL BERNARDO LÓPEZ ALIAGA CAZORLA,AREQUIPA,CAYLLOMA,1584,1638.8015229266675,54.80152292666753,96.656,994543.4308672425,0.15926906265106502,0.1647792818356491
ROBERTO HELBERT SANCHEZ PALOMINO,AREQUIPA,CONDESUYOS,2080,2434.029606225499,354.0296062254988,85.455,994543.4308672425,0.2091411933801864,0.24473839258110863
JORGE NIETO MONTESINOS,AREQUIPA,CONDESUYOS,547,640.102978175648,93.10297817564799,85.455,994543.4308672425,0.05500011191296248,0.06436149074128195
RAFAEL BERNARDO LÓPEZ ALIAGA CAZORLA,AREQUIPA,CONDESUYOS,189,221.1690363349131,32.1690363349131,85.455,994543.4308672425,0.019003694975411167,0.022238248172033428
ROBERTO HELBERT SANCHEZ PALOMINO,AREQUIPA,ISLAY,4815,5132.167981240674,317.1679812406737,93.82,994543.4308672425,0.4841417529449988,0.516032565492431
JORGE NIETO MONTESINOS,AREQUIPA,ISLAY,3799,4049.2432317203156,250.24323172031563,93.82,994543.4308672425,0.3819843238708308,0.4071459431579949
RAFAEL BERNARDO LÓPEZ ALIAGA CAZORLA,AREQUIPA,ISLAY,2533,2699.850778085696,166.85077808569622,93.82,994543.4308672425,0.25468973213077506,0.2714663527294554
ROBERTO HELBERT SANCHEZ PALOMINO,AREQUIPA,LA UNIÓN,1364,1591.3386377954594,227.33863779545936,85.714,994543.4308672425,0.13714835950508378,0.16000695277910698
JORGE NIETO MONTESINOS,AREQUIPA,LA UNIÓN,245,285.83428611428707,40.83428611428707,85.714,994543.4308672425,0.024634419412570035,0.02874025178217098
RAFAEL BERNARDO LÓPEZ ALIAGA CAZORLA,AREQUIPA,LA UNIÓN,112,130.66710222367408,18.66710222367408,85.714,994543.4308672425,0.01126144887431773,0.013138400814706732
ROBERTO HELBERT SANCHEZ PALOMINO,AYACUCHO,CANGALLO,6580,6823.673376266476,243.67337626647623,96.429,355914.71626972104,1.848757497010467,1.9172214759154063
JORGE NIETO MONTESINOS,AYACUCHO,CANGALLO,311,322.51708510925135,11.517085109251354,96.429,355914.71626972104,0.08738048352131537,0.09061639498627527
RAFAEL BERNARDO LÓPEZ ALIAGA CAZORLA,AYACUCHO,CANGALLO,160,165.92518848064378,5.925188480643783,96.429,355914.71626972104,0.044954589592959684,0.046619367195511394
ROBERTO HELBERT SANCHEZ PALOMINO,AYACUCHO,HUAMANGA,32403,34138.24710009798,1735.2471000979785,94.917,355914.71626972104,9.104147291129204,9.591693048799693
JORGE NIETO MONTESINOS,AYACUCHO,HUAMANGA,10951,11537.44850764352,586.4485076435194,94.917,355914.71626972104,3.0768606914531342,3.2416328913188726
RAFAEL BERNARDO LÓPEZ ALIAGA CAZORLA,AYACUCHO,HUAMANGA,4825,5083.3886448159965,258.3886448159965,94.917,355914.71626972104,1.3556618424126905,1.4282603141825914
ROBERTO HELBERT SANCHEZ PALOMINO,AYACUCHO,HUANCA SANCOS,1623,1623.0,0.0,100.0,355914.71626972104,0.45600811818358483,0.45600811818358483
JORGE NIETO MONTESINOS,AYACUCHO,HUANCA SANCOS,143,143.0,0.0,100.0,355914.71626972104,0.04017816444870772,0.04017816444870772
RAFAEL BERNARDO LÓPEZ ALIAGA CAZORLA,AYACUCHO,HUANCA SANCOS,66,66.0,0.0,100.0,355914.71626972104,0.018543768207095867,0.018543768207095867
ROBERTO HELBERT SANCHEZ PALOMINO,AYACUCHO,HUANTA,12339,12985.96055484224,646.9605548422405,95.018,355914.71626972104,3.4668417561720593,3.6486157950830997
JORGE NIETO MONTESINOS,AYACUCHO,HUANTA,1339,1409.2066766296912,70.20667662969117,95.018,355914.71626972104,0.37621372165608136,0.39593942374716506
RAFAEL BERNARDO LÓPEZ ALIAGA CAZORLA,AYACUCHO,HUANTA,986,1037.698120356143,51.69812035614291,95.018,355914.71626972104,0.27703265836661406,0.2915580820124756
ROBERTO HELBERT SANCHEZ PALOMINO,AYACUCHO,LA MAR,11808,12580.438951630087,772.4389516300871,93.86,355914.71626972104,3.317648711960425,3.534677937311341
JORGE NIETO MONTESINOS,AYACUCHO,LA MAR,505,538.0353718303857,33.03537183038566,93.86,355914.71626972104,0.141887923402779,0.1511697457945653
RAFAEL BERNARDO LÓPEZ ALIAGA CAZORLA,AYACUCHO,LA MAR,477,508.203707649691,31.20370764969101,93.86,355914.71626972104,0.13402087022401105,0.14278805691882704
ROBERTO HELBERT SANCHEZ PALOMINO,AYACUCHO,LUCANAS,6488,6788.741236789789,300.7412367897887,95.57,355914.71626972104,1.822908607994515,1.9074067259542904
JORGE NIETO MONTESINOS,AYACUCHO,LUCANAS,720,753.3744899026892,33.37448990268922,95.57,355914.71626972104,0.20229565316831855,0.21167275627112964
RAFAEL BERNARDO LÓPEZ ALIAGA CAZORLA,AYACUCHO,LUCANAS,366,382.9653657005337,16.96536570053371,95.57,355914.71626972104,0.10283362369389527,0.10760031777115758
ROBERTO HELBERT SANCHEZ PALOMINO,AYACUCHO,PARINACOCHAS,3490,3732.380809787607,242.38080978760718,93.506,355914.71626972104,0.9805719854964331,1.0486727969290024
JORGE NIETO MONTESINOS,AYACUCHO,PARINACOCHAS,379,405.32158364169146,26.32158364169146,93.506,355914.71626972104,0.10648618409832325,0.1138816590361295
RAFAEL BERNARDO LÓPEZ ALIAGA CAZORLA,AYACUCHO,PARINACOCHAS,164,175.3898145573546,11.389814557354612,93.506,355914.71626972104,0.046078454332783673,0.04927860707631988
ROBERTO HELBERT SANCHEZ PALOMINO,AYACUCHO,PÁUCAR DEL SARA SARA,1277,1315.6945775250106,38.69457752501057,97.059,355914.71626972104,0.35879381818880945,0.3696656860144958
JORGE NIETO MONTESINOS,AYACUCHO,PÁUCAR DEL SARA SARA,225,231.81776033134486,6.817760331344857,97.059,355914.71626972104,0.06321739161509955,0.06513295172534185
RAFAEL BERNARDO LÓPEZ ALIAGA CAZORLA,AYACUCHO,PÁUCAR DEL SARA SARA,112,115.39372958715833,3.393729587158333,97.059,355914.71626972104,0.03146821271507178,0.03242173596994795
ROBERTO HELBERT SANCHEZ PALOMINO,AYACUCHO,SUCRE,1444,1571.4099159883342,127.4099159883342,91.892,355914.71626972104,0.40571517107646116,0.44151304909726763
JORGE NIETO MONTESINOS,AYACUCHO,SUCRE,76,82.70578505201759,6.705785052017589,91.892,355914.71626972104,0.02135343005665585,0.02323752889985619
RAFAEL BERNARDO LÓPEZ ALIAGA CAZORLA,AYACUCHO,SUCRE,42,45.70582858137814,3.7058285813781424,91.892,355914.71626972104,0.011800579768151916,0.012841792286762632
ROBERTO HELBERT SANCHEZ PALOMINO,AYACUCHO,VÍCTOR FAJARDO,3457,3457.0,0.0,100.0,355914.71626972104,0.9713001013928851,0.9713001013928851
JORGE NIETO MONTESINOS,AYACUCHO,VÍCTOR FAJARDO,203,203.0,0.0,100.0,355914.71626972104,0.0570361355460676,0.0570361355460676
RAFAEL BERNARDO LÓPEZ ALIAGA CAZORLA,AYACUCHO,VÍCTOR FAJARDO,105,105.0,0.0,100.0,355914.71626972104,0.029501449420379793,0.029501449420379793
ROBERTO HELBERT SANCHEZ PALOMINO,AYACUCHO,VILCAS HUAMÁN,3706,3924.0184659692513,218.01846596925134,94.444,355914.71626972104,1.0412606814469287,1.1025164980802682
JORGE NIETO MONTESINOS,AYACUCHO,VILCAS HUAMÁN,159,168.35373342933377,9.353733429333772,94.444,355914.71626972104,0.04467362340800369,0.04730170620473898
RAFAEL BERNARDO LÓPEZ ALIAGA CAZORLA,AYACUCHO,VILCAS HUAMÁN,103,109.05933674981999,6.059336749819991,94.444,355914.71626972104,0.028939517050467795,0.0306419857804284
ROBERTO HELBERT SANCHEZ PALOMINO,CAJAMARCA,CAJABAMBA,9296,9556.608719788635,260.6087197886354,97.273,825122.4094239486,1.1266207163722428,1.1582049657893174
JORGE NIETO MONTESINOS,CAJAMARCA,CAJABAMBA,1000,1028.034500837848,28.0345008378481,97.273,825122.4094239486,0.1211941390245528,0.1245917562165789
RAFAEL BERNARDO LÓPEZ ALIAGA CAZORLA,CAJAMARCA,CAJABAMBA,666,684.6709775580068,18.670977558006825,97.273,825122.4094239486,0.08071529659035216,0.08297810964024155
ROBERTO HELBERT SANCHEZ PALOMINO,CAJAMARCA,CAJAMARCA,45158,47679.78376323764,2521.7837632376395,94.711,825122.4094239486,5.472884930070755,5.778510342062438
JORGE NIETO MONTESINOS,CAJAMARCA,CAJAMARCA,15631,16503.890783541512,872.8907835415121,94.711,825122.4094239486,1.8943855870927846,2.0001748340665655
RAFAEL BERNARDO LÓPEZ ALIAGA CAZORLA,CAJAMARCA,CAJAMARCA,9061,9566.998553494313,505.99855349431346,94.711,825122.4094239486,1.098140093701473,1.1594641527398852
ROBERTO HELBERT SANCHEZ PALOMINO,CAJAMARCA,CELENDÍN,14925,17989.94732591637,3064.9473259163715,82.963,825122.4094239486,1.8088225249414507,2.1802761772614905
JORGE NIETO MONTESINOS,CAJAMARCA,CELENDÍN,877,1057.0977423670793,180.09774236707926,82.963,825122.4094239486,0.10628725992453279,0.1281140507509767
RAFAEL BERNARDO LÓPEZ ALIAGA CAZORLA,CAJAMARCA,CELENDÍN,571,688.2586213131156,117.25862131311555,82.963,825122.4094239486,0.06920185338301965,0.08341291103626876
ROBERTO HELBERT SANCHEZ PALOMINO,CAJAMARCA,CHOTA,37197,38781.61686510833,1584.616865108328,95.914,825122.4094239486,4.50805838929629,4.70010466594688
JORGE NIETO MONTESINOS,CAJAMARCA,CHOTA,1436,1497.1745522030153,61.17455220301531,95.914,825122.4094239486,0.1740347836392578,0.1814487808237148
RAFAEL BERNARDO LÓPEZ ALIAGA CAZORLA,CAJAMARCA,CHOTA,1221,1273.0154096378005,52.01540963780053,95.914,825122.4094239486,0.14797804374897897,0.15428200653604163
ROBERTO HELBERT SANCHEZ PALOMINO,CAJAMARCA,CONTUMAZA,3912,4112.613275582936,200.61327558293578,95.122,825122.4094239486,0.4741114718640505,0.4984246250752198
JORGE NIETO MONTESINOS,CAJAMARCA,CONTUMAZA,399,419.46132335316753,20.46132335316753,95.122,825122.4094239486,0.048356461470796565,0.05083625393788668
RAFAEL BERNARDO LÓPEZ ALIAGA CAZORLA,CAJAMARCA,CONTUMAZA,351,368.99981076932784,17.999810769327837,95.122,825122.4094239486,0.04253914279761803,0.044720614366411594
ROBERTO HELBERT SANCHEZ PALOMINO,CAJAMARCA,CUTERVO,23800,24574.08363448632,774.0836344863201,96.85,825122.4094239486,2.884420508784357,2.978234908398923
RAFAEL BERNARDO LÓPEZ ALIAGA CAZORLA,CAJAMARCA,CUTERVO,1688,1742.9013939081055,54.90139390810555,96.85,825122.4094239486,0.20457570667344513,0.21122943383938578
JORGE NIETO MONTESINOS,CAJAMARCA,CUTERVO,1462,1509.5508518327313,47.55085183273127,96.85,825122.4094239486,0.17718583125389617,0.18294871580164812
ROBERTO HELBERT SANCHEZ PALOMINO,CAJAMARCA,HUALGAYOC,24752,26138.103635806838,1386.1036358068377,94.697,825122.4094239486,2.9997973291357307,3.1677849658761428
JORGE NIETO MONTESINOS,CAJAMARCA,HUALGAYOC,646,682.1757817037499,36.17578170374986,94.697,825122.4094239486,0.07829141380986111,0.08267570652698725
RAFAEL BERNARDO LÓPEZ ALIAGA CAZORLA,CAJAMARCA,HUALGAYOC,407,429.791862466604,22.791862466604016,94.697,825122.4094239486,0.04932601458299299,0.05208825473139909
ROBERTO HELBERT SANCHEZ PALOMINO,CAJAMARCA,JAÉN,31937,34371.90580739593,2434.9058073959313,92.916,825122.4094239486,3.870577218027143,4.165673530960376
JORGE NIETO MONTESINOS,CAJAMARCA,JAÉN,3477,3742.089629342632,265.0896293426322,92.916,825122.4094239486,0.4213920213883701,0.45351933078088824
RAFAEL BERNARDO LÓPEZ ALIAGA CAZORLA,CAJAMARCA,JAÉN,3196,3439.665934822851,243.6659348228509,92.916,825122.4094239486,0.38733646832247076,0.4168673515029389
ROBERTO HELBERT SANCHEZ PALOMINO,CAJAMARCA,SAN IGNACIO,28895,31106.01558799466,2211.0155879946615,92.892,825122.4094239486,3.5019046471144533,3.7698667776713317
JORGE NIETO MONTESINOS,CAJAMARCA,SAN IGNACIO,1443,1553.4168712052706,110.41687120527058,92.892,825122.4094239486,0.17488314261242968,0.1882650202519374
RAFAEL BERNARDO LÓPEZ ALIAGA CAZORLA,CAJAMARCA,SAN IGNACIO,1225,1318.7357361236704,93.73573612367045,92.892,825122.4094239486,0.14846282030507718,0.1598230421404181
ROBERTO HELBERT SANCHEZ PALOMINO,CAJAMARCA,SAN MARCOS,8626,9441.97552485825,815.9755248582496,91.358,825122.4094239486,1.0454206432257924,1.1443120944260956
JORGE NIETO MONTESINOS,CAJAMARCA,SAN MARCOS,654,715.8650583419076,61.86505834190757,91.358,825122.4094239486,0.07926096692205753,0.08675864940350875
RAFAEL BERNARDO LÓPEZ ALIAGA CAZORLA,CAJAMARCA,SAN MARCOS,465,508.9866240504389,43.98662405043888,91.358,825122.4094239486,0.05635527464641705,0.06168619567680668
ROBERTO HELBERT SANCHEZ PALOMINO,CAJAMARCA,SAN MIGUEL,10711,11201.045751633987,490.0457516339866,95.625,825122.4094239486,1.2981104230919849,1.3575010960439058
JORGE NIETO MONTESINOS,CAJAMARCA,SAN MIGUEL,442,462.22222222222223,20.22222222222223,95.625,825122.4094239486,0.05356780944885234,0.05601862426023774
RAFAEL BERNARDO LÓPEZ ALIAGA CAZORLA,CAJAMARCA,SAN MIGUEL,334,349.281045751634,15.281045751633997,95.625,825122.4094239486,0.040478842434200635,0.04233081561746472
ROBERTO HELBERT SANCHEZ PALOMINO,CAJAMARCA,SAN PABLO,6386,6386.0,0.0,100.0,825122.4094239486,0.7739457718107942,0.7739457718107942
JORGE NIETO MONTESINOS,CAJAMARCA,SAN PABLO,288,288.0,0.0,100.0,825122.4094239486,0.03490391203907121,0.03490391203907121
RAFAEL BERNARDO LÓPEZ ALIAGA CAZORLA,CAJAMARCA,SAN PABLO,169,169.0,0.0,100.0,825122.4094239486,0.020481809495149425,0.020481809495149425
ROBERTO HELBERT SANCHEZ PALOMINO,CAJAMARCA,SANTA CRUZ,7878,8631.53281472554,753.5328147255404,91.27,825122.4094239486,0.9547674272354268,1.0460911879428367
RAFAEL BERNARDO LÓPEZ ALIAGA CAZORLA,CAJAMARCA,SANTA CRUZ,357,391.14714583105075,34.14714583105075,91.27,825122.4094239486,0.04326630763176535,0.047404741570905386
JORGE NIETO MONTESINOS,CAJAMARCA,SANTA CRUZ,303,331.9820313355977,28.982031335597696,91.27,825122.4094239486,0.036721824124439494,0.04023427645933987
JORGE NIETO MONTESINOS,CALLAO,CALLAO,82812,87110.0077840658,4298.007784065805,95.066,670974.9016472766,12.342041378402149,12.982603010963068
RAFAEL BERNARDO LÓPEZ ALIAGA CAZORLA,CALLAO,CALLAO,82672,86962.74167420529,4290.741674205288,95.066,670974.9016472766,12.321176216433155,12.960654930714616
ROBERTO HELBERT SANCHEZ PALOMINO,CALLAO,CALLAO,16511,17367.933856478656,856.9338564786558,95.066,670974.9016472766,2.4607477805003852,2.5884625213013956
ROBERTO HELBERT SANCHEZ PALOMINO,CUSCO,ACOMAYO,3493,3725.866666666667,232.8666666666668,93.75,841673.0111087726,0.4150067726893748,0.44267389086866643
JORGE NIETO MONTESINOS,CUSCO,ACOMAYO,429,457.6,28.600000000000023,93.75,841673.0111087726,0.05096991282099679,0.05436790700906324
RAFAEL BERNARDO LÓPEZ ALIAGA CAZORLA,CUSCO,ACOMAYO,171,182.4,11.400000000000006,93.75,841673.0111087726,0.020316678537040677,0.02167112377284339
ROBERTO HELBERT SANCHEZ PALOMINO,CUSCO,ANTA,7301,7739.849464645394,438.8494646453937,94.33,841673.0111087726,0.8674390058417192,0.9195791432648353
JORGE NIETO MONTESINOS,CUSCO,ANTA,1786,1893.353122018446,107.3531220184459,94.33,841673.0111087726,0.2121964202757582,0.22495115050965567
RAFAEL BERNARDO LÓPEZ ALIAGA CAZORLA,CUSCO,ANTA,871,923.3541821265769,52.354182126576916,94.33,841673.0111087726,0.10348436845475106,0.10970462043332031
ROBERTO HELBERT SANCHEZ PALOMINO,CUSCO,CALCA,10291,10388.548470134563,97.5484701345631,99.061,841673.0111087726,1.2226838527759392,1.2342736826560796
JORGE NIETO MONTESINOS,CUSCO,CALCA,1949,1967.4745863659764,18.474586365976393,99.061,841673.0111087726,0.23156261092802505,0.23375759474265856
RAFAEL BERNARDO LÓPEZ ALIAGA CAZORLA,CUSCO,CALCA,1016,1025.6306720101754,9.63067201017543,99.061,841673.0111087726,0.12071196136627677,0.12185619099976455
ROBERTO HELBERT SANCHEZ PALOMINO,CUSCO,CANAS,7047,7168.506179746706,121.50617974670604,98.305,841673.0111087726,0.8372610155001501,0.8516972844719495
JORGE NIETO MONTESINOS,CUSCO,CANAS,478,486.241798484309,8.241798484309015,98.305,841673.0111087726,0.05679165111523651,0.05777086731624689
RAFAEL BERNARDO LÓPEZ ALIAGA CAZORLA,CUSCO,CANAS,175,178.01739484258175,3.0173948425817514,98.305,841673.0111087726,0.020791922479427596,0.021150422134609218
ROBERTO HELBERT SANCHEZ PALOMINO,CUSCO,CANCHIS,14035,14331.519130816596,296.51913081659586,97.931,841673.0111087726,1.667512182850093,1.7027419130306982
JORGE NIETO MONTESINOS,CUSCO,CANCHIS,4145,4232.571912877434,87.57191287743444,97.931,841673.0111087726,0.4924715352984422,0.5028760405780011
RAFAEL BERNARDO LÓPEZ ALIAGA CAZORLA,CUSCO,CANCHIS,1038,1059.92995067956,21.92995067956008,97.931,841673.0111087726,0.12332580304940481,0.125931322103731
ROBERTO HELBERT SANCHEZ PALOMINO,CUSCO,CHUMBIVILCAS,15274,15339.037519080903,65.03751908090271,99.576,841673.0111087726,1.8147189940044404,1.8224461657472084
JORGE NIETO MONTESINOS,CUSCO,CHUMBIVILCAS,923,926.9301839800755,3.930183980075526,99.576,841673.0111087726,0.10966253970578098,0.11012948873803022
RAFAEL BERNARDO LÓPEZ ALIAGA CAZORLA,CUSCO,CHUMBIVILCAS,275,276.17096489113845,1.1709648911384534,99.576,841673.0111087726,0.032673021039100504,0.03281214453191583
JORGE NIETO MONTESINOS,CUSCO,CUSCO,38908,40151.90604941075,1243.906049410747,96.902,841673.0111087726,4.622697827597536,4.770487531317761
RAFAEL BERNARDO LÓPEZ ALIAGA CAZORLA,CUSCO,CUSCO,22367,23082.082929144908,715.0829291449081,96.902,841673.0111087726,2.65744531484204,2.7424050224371426
ROBERTO HELBERT SANCHEZ PALOMINO,CUSCO,CUSCO,17843,18413.448638830985,570.4486388309851,96.902,841673.0111087726,2.119944416002437,2.1877199810142596
ROBERTO HELBERT SANCHEZ PALOMINO,CUSCO,ESPINAR,11527,11854.784799712037,327.78479971203706,97.235,841673.0111087726,1.3695342309734964,1.40847866609091
JORGE NIETO MONTESINOS,CUSCO,ESPINAR,2351,2417.853653519823,66.85365351982318,97.235,841673.0111087726,0.2793246271379101,0.2872675756033426
RAFAEL BERNARDO LÓPEZ ALIAGA CAZORLA,CUSCO,ESPINAR,682,701.3935311359078,19.39353113590778,97.235,841673.0111087726,0.08102909217696926,0.08333325672542731
ROBERTO HELBERT SANCHEZ PALOMINO,CUSCO,LA CONVENCIÓN,15547,25587.978735660563,10040.978735660563,60.759,841673.0111087726,1.8471543930723473,3.040132973011978
JORGE NIETO MONTESINOS,CUSCO,LA CONVENCIÓN,2153,3543.507957668823,1390.507957668823,60.759,841673.0111087726,0.25580005198975775,0.4210076729204855
RAFAEL BERNARDO LÓPEZ ALIAGA CAZORLA,CUSCO,LA CONVENCIÓN,1821,2997.0868513306673,1176.0868513306673,60.759,841673.0111087726,0.2163548047716437,0.3560868427255941
ROBERTO HELBERT SANCHEZ PALOMINO,CUSCO,PARURO,4273,4398.670001955879,125.67000195587934,97.143,841673.0111087726,0.5076793414548235,0.5226103182471443
JORGE NIETO MONTESINOS,CUSCO,PARURO,402,413.8229208486458,11.822920848645822,97.143,841673.0111087726,0.0477620162098851,0.04916670908854483
RAFAEL BERNARDO LÓPEZ ALIAGA CAZORLA,CUSCO,PARURO,260,267.6466652254923,7.646665225492313,97.143,841673.0111087726,0.030890856255149566,0.031799364087118545
ROBERTO HELBERT SANCHEZ PALOMINO,CUSCO,PAUCARTAMBO,10131,10731.309450670507,600.3094506705074,94.406,841673.0111087726,1.2036740950804627,1.2749974525776566
JORGE NIETO MONTESINOS,CUSCO,PAUCARTAMBO,487,515.8570429845561,28.857042984556074,94.406,841673.0111087726,0.05786094998560707,0.061289483704009357
RAFAEL BERNARDO LÓPEZ ALIAGA CAZORLA,CUSCO,PAUCARTAMBO,229,242.56932822066395,13.569328220663948,94.406,841673.0111087726,0.027207715701650967,0.028819900961433557
ROBERTO HELBERT SANCHEZ PALOMINO,CUSCO,QUISPICANCHI,17718,18590.449809562782,872.4498095627823,95.307,841673.0111087726,2.1050930428028463,2.208749664560679
JORGE NIETO MONTESINOS,CUSCO,QUISPICANCHI,1869,1961.0311939311907,92.03119393119073,95.307,841673.0111087726,0.2220577320802867,0.23299204893689518
RAFAEL BERNARDO LÓPEZ ALIAGA CAZORLA,CUSCO,QUISPICANCHI,939,985.2371808996191,46.23718089961915,95.307,841673.0111087726,0.11156351547532864,0.11705700050922664
ROBERTO HELBERT SANCHEZ PALOMINO,CUSCO,URUBAMBA,6714,6968.561553551227,254.561553551227,96.347,841673.0111087726,0.7976969572964392,0.8279416663688951
JORGE NIETO MONTESINOS,CUSCO,URUBAMBA,3283,3407.475064091254,124.4750640912539,96.347,841673.0111087726,0.39005646571406166,0.40484547076095956
RAFAEL BERNARDO LÓPEZ ALIAGA CAZORLA,CUSCO,URUBAMBA,1534,1592.1616656460503,58.161665646050324,96.347,841673.0111087726,0.18225605190538244,0.18916629672473712
ROBERTO HELBERT SANCHEZ PALOMINO,HUANCAVELICA,ACOBAMBA,9227,9846.754743559644,619.7547435596443,93.706,217957.59530570664,4.233392273877054,4.5177387508559255
RAFAEL BERNARDO LÓPEZ ALIAGA CAZORLA,HUANCAVELICA,ACOBAMBA,332,354.2996179540264,22.299617954026417,93.706,217957.59530570664,0.15232320742681063,0.16255438011099677
JORGE NIETO MONTESINOS,HUANCAVELICA,ACOBAMBA,274,292.4039015644676,18.403901564467617,93.706,217957.59530570664,0.12571252661128346,0.1341563257542564
ROBERTO HELBERT SANCHEZ PALOMINO,HUANCAVELICA,ANGARAES,9933,10521.131236097872,588.1312360978718,94.41,217957.59530570664,4.55730849207985,4.8271459507253995
RAFAEL BERNARDO LÓPEZ ALIAGA CAZORLA,HUANCAVELICA,ANGARAES,447,473.46679377184626,26.466793771846255,94.41,217957.59530570664,0.20508576421621794,0.21722885734161418
JORGE NIETO MONTESINOS,HUANCAVELICA,ANGARAES,412,436.3944497404936,24.3944497404936,94.41,217957.59530570664,0.18902759475857225,0.2002198864088256
ROBERTO HELBERT SANCHEZ PALOMINO,HUANCAVELICA,CASTROVIRREYNA,2573,2649.8182305022606,76.81823050226058,97.101,217957.59530570664,1.1805048575577823,1.2157494336389763
RAFAEL BERNARDO LÓPEZ ALIAGA CAZORLA,HUANCAVELICA,CASTROVIRREYNA,241,248.1951782164962,7.195178216496203,97.101,217957.59530570664,0.11057196683693182,0.11387314943917344
JORGE NIETO MONTESINOS,HUANCAVELICA,CASTROVIRREYNA,206,212.15023532198433,6.150235321984326,97.101,217957.59530570664,0.09451379737928613,0.09733555512228104
ROBERTO HELBERT SANCHEZ PALOMINO,HUANCAVELICA,CHURCAMPA,5972,6509.985174849568,537.9851748495676,91.736,217957.59530570664,2.7399825143160035,2.9868127172713037
RAFAEL BERNARDO LÓPEZ ALIAGA CAZORLA,HUANCAVELICA,CHURCAMPA,422,460.0156972181041,38.015697218104094,91.736,217957.59530570664,0.19361564317504243,0.21105742911729572
JORGE NIETO MONTESINOS,HUANCAVELICA,CHURCAMPA,281,306.313769948548,25.313769948547986,91.736,217957.59530570664,0.1289241605028126,0.14053824071554527
ROBERTO HELBERT SANCHEZ PALOMINO,HUANCAVELICA,HUANCAVELICA,20958,22048.983714177502,1090.9837141775024,95.052,217957.59530570664,9.615631871238245,10.116180481460932
JORGE NIETO MONTESINOS,HUANCAVELICA,HUANCAVELICA,2534,2665.9091865505197,131.90918655051973,95.052,217957.59530570664,1.1626114687335487,1.223132042180647
RAFAEL BERNARDO LÓPEZ ALIAGA CAZORLA,HUANCAVELICA,HUANCAVELICA,1329,1398.1820477212473,69.18204772124727,95.052,217957.59530570664,0.6097516345488896,0.641492692998453
ROBERTO HELBERT SANCHEZ PALOMINO,HUANCAVELICA,HUAYTARA,2686,2785.4691016188076,99.4691016188076,96.429,217957.59530570664,1.2323498046638957,1.2779867100808842
JORGE NIETO MONTESINOS,HUANCAVELICA,HUAYTARA,344,356.73915523338417,12.739155233384167,96.429,217957.59530570664,0.15782886552657488,0.1636736516261445
RAFAEL BERNARDO LÓPEZ ALIAGA CAZORLA,HUANCAVELICA,HUAYTARA,242,250.96184757697372,8.961847576973724,96.429,217957.59530570664,0.11103077167857883,0.115142510736997
ROBERTO HELBERT SANCHEZ PALOMINO,HUANCAVELICA,TAYACAJA,19995,20867.251095804633,872.2510958046332,95.82,217957.59530570664,9.173802808732164,9.573995834619248
JORGE NIETO MONTESINOS,HUANCAVELICA,TAYACAJA,1283,1338.9689000208725,55.968900020872525,95.82,217957.59530570664,0.5886466118331266,0.6143254141443609
RAFAEL BERNARDO LÓPEZ ALIAGA CAZORLA,HUANCAVELICA,TAYACAJA,849,886.0363180964308,37.03631809643082,95.82,217957.59530570664,0.38952531055831996,0.40651775261774153
ROBERTO HELBERT SANCHEZ PALOMINO,HUANUCO,AMBO,8203,9208.57656039515,1005.5765603951495,89.08,440095.5472819823,1.8639134275866904,2.0924039375692525
RAFAEL BERNARDO LÓPEZ ALIAGA CAZORLA,HUANUCO,AMBO,1266,1421.1944319712618,155.1944319712618,89.08,440095.5472819823,0.2876648054766244,0.32292860965045395
JORGE NIETO MONTESINOS,HUANUCO,AMBO,708,794.791198922317,86.791198922317,89.08,440095.5472819823,0.16087415661725912,0.18059514662916382
ROBERTO HELBERT SANCHEZ PALOMINO,HUANUCO,DOS DE MAYO,5850,6381.794975290999,531.794975290999,91.667,440095.5472819823,1.3292568025578615,1.45009305699746
RAFAEL BERNARDO LÓPEZ ALIAGA CAZORLA,HUANUCO,DOS DE MAYO,400,436.36204959254695,36.36204959254695,91.667,440095.5472819823,0.09088935402105036,0.09915166201692033
JORGE NIETO MONTESINOS,HUANUCO,DOS DE MAYO,305,332.72606281431706,27.72606281431706,91.667,440095.5472819823,0.0693031324410509,0.07560314228790176
ROBERTO HELBERT SANCHEZ PALOMINO,HUANUCO,HUACAYBAMBA,2169,2538.177988414955,369.17798841495505,85.455,440095.5472819823,0.49284752217914557,0.5767333943937107
RAFAEL BERNARDO LÓPEZ ALIAGA CAZORLA,HUANUCO,HUACAYBAMBA,72,84.2548709847288,12.254870984728797,85.455,440095.5472819823,0.016360083723789068,0.01914467699232235
JORGE NIETO MONTESINOS,HUANUCO,HUACAYBAMBA,56,65.53156632145573,9.531566321455728,85.455,440095.5472819823,0.012724509562947052,0.014890304327361825
ROBERTO HELBERT SANCHEZ PALOMINO,HUANUCO,HUAMALIES,7777,8305.034065910597,528.0340659105968,93.642,440095.5472819823,1.7671162655542718,1.887097953433579
RAFAEL BERNARDO LÓPEZ ALIAGA CAZORLA,HUANUCO,HUAMALIES,526,561.7137609192457,35.713760919245715,93.642,440095.5472819823,0.11951950053768123,0.1276345021867124
JORGE NIETO MONTESINOS,HUANUCO,HUAMALIES,401,428.22665043463405,27.226650434634053,93.642,440095.5472819823,0.09111657740610299,0.09730310908150508
ROBERTO HELBERT SANCHEZ PALOMINO,HUANUCO,HUÁNUCO,30680,32945.320218203684,2265.320218203684,93.124,440095.5472819823,6.9712134534145624,7.485947181622957
RAFAEL BERNARDO LÓPEZ ALIAGA CAZORLA,HUANUCO,HUÁNUCO,10479,11252.738284437954,773.7382844379536,93.124,440095.5472819823,2.381073851966467,2.5568852841012704
JORGE NIETO MONTESINOS,HUANUCO,HUÁNUCO,9938,10671.792448777975,733.7924487779746,93.124,440095.5472819823,2.2581460006529963,2.4248808047903836
ROBERTO HELBERT SANCHEZ PALOMINO,HUANUCO,LAURICOCHA,3696,4517.34337187416,821.3433718741599,81.818,440095.5472819823,0.8398176311545054,1.0264460524022898
RAFAEL BERNARDO LÓPEZ ALIAGA CAZORLA,HUANUCO,LAURICOCHA,143,174.7781661737026,31.7781661737026,81.818,440095.5472819823,0.0324929440625255,0.03971368655127906
JORGE NIETO MONTESINOS,HUANUCO,LAURICOCHA,98,119.77804395120877,21.778043951208772,81.818,440095.5472819823,0.02226789173515734,0.02721637260157586
ROBERTO HELBERT SANCHEZ PALOMINO,HUANUCO,LEONCIO PRADO,9620,10722.605526265925,1102.6055262659247,89.717,440095.5472819823,2.185888964206261,2.4364267242621365
RAFAEL BERNARDO LÓPEZ ALIAGA CAZORLA,HUANUCO,LEONCIO PRADO,4457,4967.843329580793,510.84332958079267,89.717,440095.5472819823,1.0127346271795536,1.1288101777584556
JORGE NIETO MONTESINOS,HUANUCO,LEONCIO PRADO,2545,2836.6976158364637,291.6976158364637,89.717,440095.5472819823,0.5782835149589329,0.6445640346410746
ROBERTO HELBERT SANCHEZ PALOMINO,HUANUCO,MARAÑÓN,3818,4173.179289313469,355.17928931346887,91.489,440095.5472819823,0.8675388841309257,0.948243924549318
RAFAEL BERNARDO LÓPEZ ALIAGA CAZORLA,HUANUCO,MARAÑÓN,224,244.83817726721242,20.838177267212416,91.489,440095.5472819823,0.05089803825178821,0.05563295942877088
JORGE NIETO MONTESINOS,HUANUCO,MARAÑÓN,115,125.69817136486353,10.698171364863526,91.489,440095.5472819823,0.02613068928105198,0.02856156399244934
ROBERTO HELBERT SANCHEZ PALOMINO,HUANUCO,PACHITEA,10364,11546.474448244744,1182.474448244744,89.759,440095.5472819823,2.354943162685415,2.623629009553822
RAFAEL BERNARDO LÓPEZ ALIAGA CAZORLA,HUANUCO,PACHITEA,460,512.4834278456757,52.48342784567569,89.759,440095.5472819823,0.10452275712420792,0.1164482192584676
JORGE NIETO MONTESINOS,HUANUCO,PACHITEA,285,317.5169063826469,32.51690638264688,89.759,440095.5472819823,0.06475866473999838,0.07214726627970275
ROBERTO HELBERT SANCHEZ PALOMINO,HUANUCO,PUERTO INCA,3808,4235.063837359314,427.06383735931377,89.916,440095.5472819823,0.8652666502803994,0.9623055410387469
RAFAEL BERNARDO LÓPEZ ALIAGA CAZORLA,HUANUCO,PUERTO INCA,430,478.2241202900485,48.22412029004852,89.916,440095.5472819823,0.09770605557262915,0.10866370342611899
JORGE NIETO MONTESINOS,HUANUCO,PUERTO INCA,145,161.26162195827217,16.261621958272173,89.916,440095.5472819823,0.032947390832630756,0.03664241162043547
ROBERTO HELBERT SANCHEZ PALOMINO,HUANUCO,YAROWILCA,6088,7062.07152551417,974.0715255141704,86.207,440095.5472819823,1.3833359682003865,1.6046677975110915
RAFAEL BERNARDO LÓPEZ ALIAGA CAZORLA,HUANUCO,YAROWILCA,246,285.35965756841097,39.35965756841097,86.207,440095.5472819823,0.055896952722945974,0.06484038735015252
JORGE NIETO MONTESINOS,HUANUCO,YAROWILCA,132,153.1198162562205,21.119816256220503,86.207,440095.5472819823,0.029993486826946622,0.03479240296837452
JORGE NIETO MONTESINOS,ICA,CHINCHA,10665,11617.900172117039,952.9001721170389,91.798,583717.7100026254,1.8270817926617358,1.9903285394689816
RAFAEL BERNARDO LÓPEZ ALIAGA CAZORLA,ICA,CHINCHA,9356,10191.943179589969,835.9431795899691,91.798,583717.7100026254,1.602829559507098,1.7460397388909323
ROBERTO HELBERT SANCHEZ PALOMINO,ICA,CHINCHA,8019,8735.484433212052,716.484433212052,91.798,583717.7100026254,1.3737804871405963,1.4965255094235126
RAFAEL BERNARDO LÓPEZ ALIAGA CAZORLA,ICA,ICA,23538,25596.74630533837,2058.746305338369,91.957,583717.7100026254,4.0324286203161686,4.385124156199277
JORGE NIETO MONTESINOS,ICA,ICA,22610,24587.57897713062,1977.578977130619,91.957,583717.7100026254,3.8734476635801074,4.212237962939318
ROBERTO HELBERT SANCHEZ PALOMINO,ICA,ICA,14924,16229.324575616867,1305.3245756168672,91.957,583717.7100026254,2.5567152999234644,2.780337875228057
ROBERTO HELBERT SANCHEZ PALOMINO,ICA,NASCA,3522,4127.940366381078,605.9403663810781,85.321,583717.7100026254,0.6033738465780247,0.7071809362033082
JORGE NIETO MONTESINOS,ICA,NASCA,3023,3543.09021225724,520.0902122572402,85.321,583717.7100026254,0.5178873191951644,0.6069869307616698
RAFAEL BERNARDO LÓPEZ ALIAGA CAZORLA,ICA,NASCA,2810,3293.444755687345,483.44475568734515,85.321,583717.7100026254,0.481397078047771,0.5642187480781647
ROBERTO HELBERT SANCHEZ PALOMINO,ICA,PALPA,1032,1283.0235593957855,251.02355939578547,80.435,583717.7100026254,0.17679778809441268,0.21980206140910385
RAFAEL BERNARDO LÓPEZ ALIAGA CAZORLA,ICA,PALPA,488,606.7010629701001,118.70106297010011,80.435,583717.7100026254,0.08360205483534243,0.1039374088833747
JORGE NIETO MONTESINOS,ICA,PALPA,428,532.106669981973,104.10666998197303,80.435,583717.7100026254,0.07332311366706264,0.09115821926656634
ROBERTO HELBERT SANCHEZ PALOMINO,ICA,PISCO,5749,7799.590280698422,2050.5902806984222,73.709,583717.7100026254,0.9848938796073436,1.3361921605331013
JORGE NIETO MONTESINOS,ICA,PISCO,5273,7153.807540463173,1880.8075404631727,73.709,583717.7100026254,0.9033476130056571,1.2255594472936238
RAFAEL BERNARDO LÓPEZ ALIAGA CAZORLA,ICA,PISCO,3878,5261.22997191659,1383.2299719165903,73.709,583717.7100026254,0.6643622308431516,0.9013312225686844
ROBERTO HELBERT SANCHEZ PALOMINO,JUNIN,CHANCHAMAYO,11816,12491.146466515143,675.1464665151434,94.595,784881.3725526835,1.5054504302440783,1.591469348532246
RAFAEL BERNARDO LÓPEZ ALIAGA CAZORLA,JUNIN,CHANCHAMAYO,4506,4763.4652994344315,257.4652994344315,94.595,784881.3725526835,0.5740994954874591,0.6069025799328286
JORGE NIETO MONTESINOS,JUNIN,CHANCHAMAYO,3000,3171.4149796500874,171.4149796500874,94.595,784881.3725526835,0.3822233658371898,0.4040629693294464
ROBERTO HELBERT SANCHEZ PALOMINO,JUNIN,CHUPACA,3701,3885.0340635923703,184.03406359237033,95.263,784881.3725526835,0.47153622565447983,0.49498359872613684
JORGE NIETO MONTESINOS,JUNIN,CHUPACA,2092,2196.025739269181,104.02573926918103,95.263,784881.3725526835,0.2665370937771337,0.27979078317618983
RAFAEL BERNARDO LÓPEZ ALIAGA CAZORLA,JUNIN,CHUPACA,1728,1813.9256584403176,85.92565844031765,95.263,784881.3725526835,0.22016065872222132,0.2311082568491663
ROBERTO HELBERT SANCHEZ PALOMINO,JUNIN,CONCEPCIÓN,3947,4240.210560240641,293.2105602406409,93.085,784881.3725526835,0.5028785416531294,0.5402358507311913
RAFAEL BERNARDO LÓPEZ ALIAGA CAZORLA,JUNIN,CONCEPCIÓN,1745,1874.630713863673,129.630713863673,93.085,784881.3725526835,0.22232659112863207,0.238842553718249
JORGE NIETO MONTESINOS,JUNIN,CONCEPCIÓN,1614,1733.8991244561423,119.89912445614232,93.085,784881.3725526835,0.20563617082040814,0.22091225312392773
JORGE NIETO MONTESINOS,JUNIN,HUANCAYO,32283,33484.76833556337,1201.7683355633708,96.411,784881.3725526835,4.113105639773999,4.266220285832529
RAFAEL BERNARDO LÓPEZ ALIAGA CAZORLA,JUNIN,HUANCAYO,27319,28335.978259742144,1016.9782597421436,96.411,784881.3725526835,3.480653377102063,3.6102243282426927
ROBERTO HELBERT SANCHEZ PALOMINO,JUNIN,HUANCAYO,26036,27005.217246994638,969.2172469946381,96.411,784881.3725526835,3.317189184312358,3.4406750104369395
ROBERTO HELBERT SANCHEZ PALOMINO,JUNIN,JAUJA,3900,3989.320894835364,89.32089483536402,97.761,784881.3725526835,0.4968903755883467,0.5082705532762009
JORGE NIETO MONTESINOS,JUNIN,JAUJA,3131,3202.708646597314,71.70864659731387,97.761,784881.3725526835,0.39891378614541373,0.4080500262327653
RAFAEL BERNARDO LÓPEZ ALIAGA CAZORLA,JUNIN,JAUJA,2868,2933.685211894314,65.68521189431385,97.761,784881.3725526835,0.36540553774035345,0.3737743453323447
ROBERTO HELBERT SANCHEZ PALOMINO,JUNIN,JUNÍN,1972,1972.0,0.0,100.0,784881.3725526835,0.2512481591436461,0.2512481591436461
JORGE NIETO MONTESINOS,JUNIN,JUNÍN,498,498.0,0.0,100.0,784881.3725526835,0.06344907872897351,0.06344907872897351
RAFAEL BERNARDO LÓPEZ ALIAGA CAZORLA,JUNIN,JUNÍN,453,453.0,0.0,100.0,784881.3725526835,0.057715728241415666,0.057715728241415666
ROBERTO HELBERT SANCHEZ PALOMINO,JUNIN,SATIPO,16487,18300.182036140835,1813.1820361408354,90.092,784881.3725526835,2.1005722108525826,2.3315857244290092
RAFAEL BERNARDO LÓPEZ ALIAGA CAZORLA,JUNIN,SATIPO,3621,4019.2247924344006,398.22479243440057,90.092,784881.3725526835,0.4613436025654881,0.5120805427401857
JORGE NIETO MONTESINOS,JUNIN,SATIPO,1851,2054.5664431914047,203.5664431914047,90.092,784881.3725526835,0.2358318167215461,0.26176776708425403
ROBERTO HELBERT SANCHEZ PALOMINO,JUNIN,TARMA,4680,4752.571770942289,72.57177094228882,98.473,784881.3725526835,0.5962684507060162,0.6055146595574585
RAFAEL BERNARDO LÓPEZ ALIAGA CAZORLA,JUNIN,TARMA,3045,3092.2181714784765,47.218171478476506,98.473,784881.3725526835,0.38795671632474765,0.3939726791351412
JORGE NIETO MONTESINOS,JUNIN,TARMA,2809,2852.558569354036,43.55856935403608,98.473,784881.3725526835,0.3578884782122221,0.3634381792087395
ROBERTO HELBERT SANCHEZ PALOMINO,JUNIN,YAULI,1759,1793.1596921351752,34.15969213517519,98.095,784881.3725526835,0.2241103001692056,0.22846251100382856
JORGE NIETO MONTESINOS,JUNIN,YAULI,1507,1536.2658647229725,29.265864722972537,98.095,784881.3725526835,0.19200353743888168,0.19573223654506516
RAFAEL BERNARDO LÓPEZ ALIAGA CAZORLA,JUNIN,YAULI,961,979.662571996534,18.662571996533984,98.095,784881.3725526835,0.12243888485651315,0.12481664188441118
JORGE NIETO MONTESINOS,LA LIBERTAD,ASCOPE,4618,4948.882268469897,330.8822684698971,93.314,1166158.9237513011,0.3960009142788886,0.42437460003738836
RAFAEL BERNARDO LÓPEZ ALIAGA CAZORLA,LA LIBERTAD,ASCOPE,3353,3593.2443148937996,240.24431489379958,93.314,1166158.9237513011,0.28752513329950485,0.30812646901805185
ROBERTO HELBERT SANCHEZ PALOMINO,LA LIBERTAD,ASCOPE,2513,2693.057847697023,180.05784769702313,93.314,1166158.9237513011,0.21549378466497338,0.23093403419098246
ROBERTO HELBERT SANCHEZ PALOMINO,LA LIBERTAD,BOLÍVAR,1190,1269.3333333333333,79.33333333333326,93.75,1166158.9237513011,0.10204441056558629,0.1088473712699587
RAFAEL BERNARDO LÓPEZ ALIAGA CAZORLA,LA LIBERTAD,BOLÍVAR,82,87.46666666666667,5.466666666666669,93.75,1166158.9237513011,0.007031631652418551,0.007500407095913121
JORGE NIETO MONTESINOS,LA LIBERTAD,BOLÍVAR,64,68.26666666666667,4.266666666666666,93.75,1166158.9237513011,0.005488102753107162,0.005853976269980972
ROBERTO HELBERT SANCHEZ PALOMINO,LA LIBERTAD,CHEPÉN,4966,5344.5548177405635,378.5548177405635,92.917,1166158.9237513011,0.42584247299890876,0.45830415639647076
JORGE NIETO MONTESINOS,LA LIBERTAD,CHEPÉN,2795,3008.0609576288516,213.0609576288516,92.917,1166158.9237513011,0.23967573742085183,0.2579460566105792
RAFAEL BERNARDO LÓPEZ ALIAGA CAZORLA,LA LIBERTAD,CHEPÉN,2192,2359.0946758935393,167.09467589353926,92.917,1166158.9237513011,0.18796751929392028,0.20229615602518403
ROBERTO HELBERT SANCHEZ PALOMINO,LA LIBERTAD,GRAN CHIMÚ,1177,1206.0661953068961,29.066195306896134,97.59,1166158.9237513011,0.1009296396938614,0.10342211260770712
JORGE NIETO MONTESINOS,LA LIBERTAD,GRAN CHIMÚ,466,477.50794138743726,11.507941387437256,97.59,1166158.9237513011,0.039960248171061516,0.04094707262123324
RAFAEL BERNARDO LÓPEZ ALIAGA CAZORLA,LA LIBERTAD,GRAN CHIMÚ,318,325.85305871503226,7.853058715032262,97.59,1166158.9237513011,0.02726901055450121,0.027942422947536846
ROBERTO HELBERT SANCHEZ PALOMINO,LA LIBERTAD,JULCÁN,2984,3299.9358591555524,315.9358591555524,90.426,1166158.9237513011,0.2558827908636214,0.2829747980266974
RAFAEL BERNARDO LÓPEZ ALIAGA CAZORLA,LA LIBERTAD,JULCÁN,233,257.66925441797713,24.66925441797713,90.426,1166158.9237513011,0.019980124085530758,0.02209555225878703
JORGE NIETO MONTESINOS,LA LIBERTAD,JULCÁN,145,160.3521111184836,15.352111118483606,90.426,1166158.9237513011,0.012433982800008413,0.013750450976498364
ROBERTO HELBERT SANCHEZ PALOMINO,LA LIBERTAD,OTUZCO,8610,9395.973154362417,785.9731543624166,91.635,1166158.9237513011,0.7383213235039477,0.8057197833840213
JORGE NIETO MONTESINOS,LA LIBERTAD,OTUZCO,1243,1356.4685982430294,113.46859824302942,91.635,1166158.9237513011,0.10658924565800315,0.11631936013314034
RAFAEL BERNARDO LÓPEZ ALIAGA CAZORLA,LA LIBERTAD,OTUZCO,650,709.3359524199269,59.33595241992691,91.635,1166158.9237513011,0.0557385435862446,0.06082669677115142
ROBERTO HELBERT SANCHEZ PALOMINO,LA LIBERTAD,PACASMAYO,4349,4810.255389277853,461.2553892778533,90.411,1166158.9237513011,0.3729337323947351,0.4124871225788179
JORGE NIETO MONTESINOS,LA LIBERTAD,PACASMAYO,4130,4568.028226653836,438.0282266538361,90.411,1166158.9237513011,0.3541541307864465,0.39171575448390844
RAFAEL BERNARDO LÓPEZ ALIAGA CAZORLA,LA LIBERTAD,PACASMAYO,3358,3714.1498269015938,356.14982690159377,90.411,1166158.9237513011,0.28795389132709137,0.31849431078861135
ROBERTO HELBERT SANCHEZ PALOMINO,LA LIBERTAD,PATAZ,7548,8631.810072732264,1083.8100727322635,87.444,1166158.9237513011,0.6472531184445758,0.7401915722571885
JORGE NIETO MONTESINOS,LA LIBERTAD,PATAZ,363,415.1228214628791,52.122821462879074,87.444,1166158.9237513011,0.031127832802779684,0.03559744842731311
RAFAEL BERNARDO LÓPEZ ALIAGA CAZORLA,LA LIBERTAD,PATAZ,320,365.9484927496455,45.94849274964548,87.444,1166158.9237513011,0.027440513765535805,0.031380670789917894
ROBERTO HELBERT SANCHEZ PALOMINO,LA LIBERTAD,SÁNCHEZ CARRIÓN,18963,19747.365351772398,784.3653517723978,96.028,1166158.9237513011,1.6261076954245484,1.693368283651173
JORGE NIETO MONTESINOS,LA LIBERTAD,SÁNCHEZ CARRIÓN,1542,1605.7816470196192,63.781647019619186,96.028,1166158.9237513011,0.13222897570767567,0.1376983543421457
RAFAEL BERNARDO LÓPEZ ALIAGA CAZORLA,LA LIBERTAD,SÁNCHEZ CARRIÓN,1090,1135.0856000333235,45.085600033323544,96.028,1166158.9237513011,0.09346925001385634,0.09733541260242465
ROBERTO HELBERT SANCHEZ PALOMINO,LA LIBERTAD,SANTIAGO DE CHUCO,5788,6021.0758459986055,233.07584599860547,96.129,1166158.9237513011,0.4963302927341289,0.5163169207358121
JORGE NIETO MONTESINOS,LA LIBERTAD,SANTIAGO DE CHUCO,465,483.7249945385887,18.724994538588703,96.129,1166158.9237513011,0.03987449656554422,0.041480194910530864
RAFAEL BERNARDO LÓPEZ ALIAGA CAZORLA,LA LIBERTAD,SANTIAGO DE CHUCO,341,354.73166266163173,13.73166266163173,96.129,1166158.9237513011,0.029241297481399094,0.030418809601055967
JORGE NIETO MONTESINOS,LA LIBERTAD,TRUJILLO,65345,72750.24771489964,7405.24771489964,89.821,1166158.9237513011,5.603438662527929,6.238450543333886
RAFAEL BERNARDO LÓPEZ ALIAGA CAZORLA,LA LIBERTAD,TRUJILLO,56850,63292.548513153946,6442.548513153946,89.821,1166158.9237513011,4.87497877365847,5.427437652284511
ROBERTO HELBERT SANCHEZ PALOMINO,LA LIBERTAD,TRUJILLO,15261,16990.458801393885,1729.4588013938846,89.821,1166158.9237513011,1.308655251799506,1.4569591206950558
ROBERTO HELBERT SANCHEZ PALOMINO,LA LIBERTAD,VIRÚ,7321,8705.216471063864,1384.2164710638644,84.099,1166158.9237513011,0.6277875039921489,0.7464862887693656
JORGE NIETO MONTESINOS,LA LIBERTAD,VIRÚ,2245,2669.4728831496213,424.47288314962134,84.099,1166158.9237513011,0.19251235438633713,0.22891158561497418
RAFAEL BERNARDO LÓPEZ ALIAGA CAZORLA,LA LIBERTAD,VIRÚ,1407,1673.028216744551,266.02821674455095,84.099,1166158.9237513011,0.12065250896284026,0.14346485566158962
JORGE NIETO MONTESINOS,LAMBAYEQUE,CHICLAYO,53102,55371.68538388547,2269.685383885473,95.901,818288.0103435654,6.48940218221023,6.766772173606355
RAFAEL BERNARDO LÓPEZ ALIAGA CAZORLA,LAMBAYEQUE,CHICLAYO,46712,48708.56403999959,1996.56403999959,95.901,818288.0103435654,5.708503535373512,5.952496361219917
ROBERTO HELBERT SANCHEZ PALOMINO,LAMBAYEQUE,CHICLAYO,35429,36943.306117767286,1514.3061177672862,95.901,818288.0103435654,4.329649164128022,4.514707004231471
ROBERTO HELBERT SANCHEZ PALOMINO,LAMBAYEQUE,FERREÑAFE,9679,10394.673253503734,715.6732535037336,93.115,818288.0103435654,1.1828353681897634,1.2702951921707175
JORGE NIETO MONTESINOS,LAMBAYEQUE,FERREÑAFE,2969,3188.53031197981,219.53031197981,93.115,818288.0103435654,0.3628306858307064,0.38965868638855866
RAFAEL BERNARDO LÓPEZ ALIAGA CAZORLA,LAMBAYEQUE,FERREÑAFE,2223,2387.370455887881,164.37045588788078,93.115,818288.0103435654,0.2716647405192524,0.291751855790423
ROBERTO HELBERT SANCHEZ PALOMINO,LAMBAYEQUE,LAMBAYEQUE,22754,24130.653799247044,1376.653799247044,94.295,818288.0103435654,2.7806835383603548,2.9489193895332253
JORGE NIETO MONTESINOS,LAMBAYEQUE,LAMBAYEQUE,9949,10550.93059016915,601.9305901691496,94.295,818288.0103435654,1.2158310856617374,1.289390832665292
RAFAEL BERNARDO LÓPEZ ALIAGA CAZORLA,LAMBAYEQUE,LAMBAYEQUE,5818,6169.998409247573,351.99840924757336,94.295,818288.0103435654,0.7109966083405356,0.7540130530150436
JORGE NIETO MONTESINOS,LIMA,BARRANCA,6846,7171.965847781677,325.96584778167744,95.455,6908809.120047922,0.0990908835523381,0.10380900272624596
RAFAEL BERNARDO LÓPEZ ALIAGA CAZORLA,LIMA,BARRANCA,5940,6222.827510345189,282.8275103451888,95.455,6908809.120047922,0.08597719081228282,0.09007091384661131
ROBERTO HELBERT SANCHEZ PALOMINO,LIMA,BARRANCA,5465,5725.21083232937,260.2108323293696,95.455,6908809.120047922,0.07910191040220971,0.0828682734295843
ROBERTO HELBERT SANCHEZ PALOMINO,LIMA,CAJATAMBO,304,304.0,0.0,100.0,6908809.120047922,0.004400179462446798,0.004400179462446798
RAFAEL BERNARDO LÓPEZ ALIAGA CAZORLA,LIMA,CAJATAMBO,136,136.0,0.0,100.0,6908809.120047922,0.001968501338463041,0.001968501338463041
JORGE NIETO MONTESINOS,LIMA,CAJATAMBO,86,86.0,0.0,100.0,6908809.120047922,0.001244787611086923,0.001244787611086923
ROBERTO HELBERT SANCHEZ PALOMINO,LIMA,CANTA,788,903.3175138134214,115.31751381342144,87.234,6908809.120047922,0.01140572834344762,0.013074865698520786
RAFAEL BERNARDO LÓPEZ ALIAGA CAZORLA,LIMA,CANTA,466,534.195382534333,68.19538253433302,87.234,6908809.120047922,0.00674501193914542,0.007732090628820667
JORGE NIETO MONTESINOS,LIMA,CANTA,440,504.39048994658054,64.39048994658054,87.234,6908809.120047922,0.006368680800909839,0.007300686430646124
JORGE NIETO MONTESINOS,LIMA,CAÑETE,11657,12744.487082773023,1087.4870827730228,91.467,6908809.120047922,0.16872661840046818,0.18446720500340907
RAFAEL BERNARDO LÓPEZ ALIAGA CAZORLA,LIMA,CAÑETE,10816,11825.02979216548,1009.0297921654801,91.467,6908809.120047922,0.15655375350600184,0.17115872774443444
ROBERTO HELBERT SANCHEZ PALOMINO,LIMA,CAÑETE,8062,8814.107820306777,752.1078203067773,91.467,6908809.120047922,0.11669160140212527,0.12757781648258418
JORGE NIETO MONTESINOS,LIMA,HUARAL,10318,10759.909482443973,441.9094824439726,95.893,6908809.120047922,0.14934556478133573,0.1557418839553833
ROBERTO HELBERT SANCHEZ PALOMINO,LIMA,HUARAL,9790,10209.295777585434,419.2957775854338,95.893,6908809.120047922,0.1417031478202439,0.14777215002163235
RAFAEL BERNARDO LÓPEZ ALIAGA CAZORLA,LIMA,HUARAL,8777,9152.910014286757,375.91001428675736,95.893,6908809.120047922,0.12704070770360376,0.13248173245555334
RAFAEL BERNARDO LÓPEZ ALIAGA CAZORLA,LIMA,HUAROCHIRÍ,5627,6128.761722196203,501.76172219620275,91.813,6908809.120047922,0.08144674287890832,0.0887093798034138
ROBERTO HELBERT SANCHEZ PALOMINO,LIMA,HUAROCHIRÍ,4960,5402.2850794549795,442.2850794549795,91.813,6908809.120047922,0.0717924017557109,0.07819415742401502
JORGE NIETO MONTESINOS,LIMA,HUAROCHIRÍ,4596,5005.827061527235,409.82706152723495,91.813,6908809.120047922,0.06652376582041278,0.07245571522596231
JORGE NIETO MONTESINOS,LIMA,HUAURA,12764,13355.236311510573,591.2363115105727,95.573,6908809.120047922,0.18474964032457541,0.1933073570198439
RAFAEL BERNARDO LÓPEZ ALIAGA CAZORLA,LIMA,HUAURA,10532,11019.848702039279,487.8487020392786,95.573,6908809.120047922,0.1524430595345055,0.15950431558547445
ROBERTO HELBERT SANCHEZ PALOMINO,LIMA,HUAURA,8682,9084.155566948824,402.15556694882434,95.573,6908809.120047922,0.12566565162158913,0.13148656170842093
RAFAEL BERNARDO LÓPEZ ALIAGA CAZORLA,LIMA,LIMA,1087625,1171694.0479396714,84069.04793967144,92.825,6908809.120047922,15.742582854749006,16.95942133557663
JORGE NIETO MONTESINOS,LIMA,LIMA,808221,870693.2399676811,62472.23996768112,92.825,6908809.120047922,11.69841264907307,12.602653001963986
ROBERTO HELBERT SANCHEZ PALOMINO,LIMA,LIMA,143983,155112.3081066523,11129.308106652286,92.825,6908809.120047922,2.0840494721759124,2.2451381332355638
ROBERTO HELBERT SANCHEZ PALOMINO,LIMA,OYÓN,825,876.5592129029517,51.559212902951685,94.118,6908809.120047922,0.011941276501705948,0.012687558704717428
JORGE NIETO MONTESINOS,LIMA,OYÓN,463,491.9356552412929,28.93565524129292,94.118,6908809.120047922,0.006701589115502854,0.007120411733677782
RAFAEL BERNARDO LÓPEZ ALIAGA CAZORLA,LIMA,OYÓN,370,393.1235257867783,23.123525786778316,94.118,6908809.120047922,0.005355481582583274,0.005690177843327816
ROBERTO HELBERT SANCHEZ PALOMINO,LIMA,YAUYOS,2822,2872.381572786678,50.381572786678134,98.246,6908809.120047922,0.0408464027731081,0.04157563948975846
RAFAEL BERNARDO LÓPEZ ALIAGA CAZORLA,LIMA,YAUYOS,638,649.3903059666551,11.390305966655092,98.246,6908809.120047922,0.009234587161319266,0.009399453577060915
JORGE NIETO MONTESINOS,LIMA,YAUYOS,554,563.8906418581927,9.89064185819268,98.246,6908809.120047922,0.008018748099327387,0.008161907965034085
ROBERTO HELBERT SANCHEZ PALOMINO,LORETO,ALTO AMAZONAS,7945,9849.621263776453,1904.621263776453,80.663,460815.2670713255,1.724118224314444,2.1374337977938387
RAFAEL BERNARDO LÓPEZ ALIAGA CAZORLA,LORETO,ALTO AMAZONAS,2011,2493.088528817426,482.08852881742587,80.663,460815.2670713255,0.43640047188122677,0.5410169121917444
JORGE NIETO MONTESINOS,LORETO,ALTO AMAZONAS,1225,1518.6640715073827,293.6640715073827,80.663,460815.2670713255,0.2658332063920949,0.3295602771928826
ROBERTO HELBERT SANCHEZ PALOMINO,LORETO,DATEM DEL MARAÑÓN,1588,6077.073208067047,4489.073208067047,26.131,460815.2670713255,0.3446066381637932,1.3187655970448633
RAFAEL BERNARDO LÓPEZ ALIAGA CAZORLA,LORETO,DATEM DEL MARAÑÓN,206,788.3356932379166,582.3356932379166,26.131,460815.2670713255,0.044703380013691056,0.1710741265687921
JORGE NIETO MONTESINOS,LORETO,DATEM DEL MARAÑÓN,67,256.4004439171865,189.40044391718652,26.131,460815.2670713255,0.014539448839404374,0.055640613981112
ROBERTO HELBERT SANCHEZ PALOMINO,LORETO,LORETO,1675,2271.586855988174,596.5868559881742,73.737,460815.2670713255,0.36348622098510935,0.49294956532691775
RAFAEL BERNARDO LÓPEZ ALIAGA CAZORLA,LORETO,LORETO,871,1181.2251651138506,310.2251651138506,73.737,460815.2670713255,0.18901283491225684,0.25633377396999724
JORGE NIETO MONTESINOS,LORETO,LORETO,215,291.5768203208701,76.57682032087013,73.737,460815.2670713255,0.04665644030555135,0.0632741233106193
RAFAEL BERNARDO LÓPEZ ALIAGA CAZORLA,LORETO,MARISCAL RAMÓN CASTILLA,858,1051.0455330564846,193.0455330564846,81.633,460815.2670713255,0.1861917478240142,0.22808392172775008
ROBERTO HELBERT SANCHEZ PALOMINO,LORETO,MARISCAL RAMÓN CASTILLA,780,955.4959391422586,175.49593914225864,81.633,460815.2670713255,0.16926522529455837,0.20734901975250006
JORGE NIETO MONTESINOS,LORETO,MARISCAL RAMÓN CASTILLA,76,93.09960432668161,17.099604326681614,81.633,460815.2670713255,0.016492509131264665,0.02020323782203847
RAFAEL BERNARDO LÓPEZ ALIAGA CAZORLA,LORETO,MAYNAS,12720,15252.53009736678,2532.53009736678,83.396,460815.2670713255,2.760325212495875,3.309901209285667
JORGE NIETO MONTESINOS,LORETO,MAYNAS,8511,10205.525444865461,1694.5254448654614,83.396,460815.2670713255,1.8469440160025465,2.2146673893262827
ROBERTO HELBERT SANCHEZ PALOMINO,LORETO,MAYNAS,6000,7194.589668569236,1194.589668569236,83.396,460815.2670713255,1.302040194573526,1.561274155323428
ROBERTO HELBERT SANCHEZ PALOMINO,LORETO,PUTUMAYO,96,106.66666666666666,10.666666666666657,90.0,460815.2670713255,0.020832643113176414,0.02314738123686268
RAFAEL BERNARDO LÓPEZ ALIAGA CAZORLA,LORETO,PUTUMAYO,80,88.88888888888889,8.888888888888886,90.0,460815.2670713255,0.017360535927647015,0.019289484364052235
JORGE NIETO MONTESINOS,LORETO,PUTUMAYO,11,12.222222222222221,1.2222222222222214,90.0,460815.2670713255,0.0023870736900514643,0.0026523041000571825
ROBERTO HELBERT SANCHEZ PALOMINO,LORETO,REQUENA,2331,2909.930715935335,578.9307159353348,80.105,460815.2670713255,0.5058426155918149,0.6314744592619871
RAFAEL BERNARDO LÓPEZ ALIAGA CAZORLA,LORETO,REQUENA,1422,1775.170089257849,353.170089257849,80.105,460815.2670713255,0.30858352611392564,0.3852238014030655
JORGE NIETO MONTESINOS,LORETO,REQUENA,136,169.77716746769863,33.77716746769863,80.105,460815.2670713255,0.029512911076999923,0.03684278269396407
ROBERTO HELBERT SANCHEZ PALOMINO,LORETO,UCAYALI,2754,3207.1736345638756,453.17363456387557,85.87,460815.2670713255,0.5976364493092484,0.6959781638631052
RAFAEL BERNARDO LÓPEZ ALIAGA CAZORLA,LORETO,UCAYALI,944,1099.3362058926284,155.3362058926284,85.87,460815.2670713255,0.20485432394623473,0.23856332123702662
JORGE NIETO MONTESINOS,LORETO,UCAYALI,197,229.41655991615232,32.41655991615232,85.87,460815.2670713255,0.04275031972183077,0.04978493038526933
ROBERTO HELBERT SANCHEZ PALOMINO,MADRE DE DIOS,MANÚ,2847,3122.5322453277176,275.53224532771765,91.176,104357.4462732683,2.7281234848780254,2.9921508783868838
JORGE NIETO MONTESINOS,MADRE DE DIOS,MANÚ,224,245.6786873738703,21.678687373870304,91.176,104357.4462732683,0.21464687763002374,0.23542037118323214
RAFAEL BERNARDO LÓPEZ ALIAGA CAZORLA,MADRE DE DIOS,MANÚ,115,126.12968324997806,11.129683249978058,91.176,104357.4462732683,0.11019817378327113,0.12086313699139149
ROBERTO HELBERT SANCHEZ PALOMINO,MADRE DE DIOS,TAHUAMANÚ,1011,1039.0865083198864,28.086508319886434,97.297,104357.4462732683,0.9687856843033662,0.9956994401711935
JORGE NIETO MONTESINOS,MADRE DE DIOS,TAHUAMANÚ,148,152.1115758964819,4.111575896481895,97.297,104357.4462732683,0.14182025843412283,0.14576015543554563
RAFAEL BERNARDO LÓPEZ ALIAGA CAZORLA,MADRE DE DIOS,TAHUAMANÚ,147,151.08379497826243,4.083794978262432,97.297,104357.4462732683,0.1408620134447031,0.14477528952044058
ROBERTO HELBERT SANCHEZ PALOMINO,MADRE DE DIOS,TAMBOPATA,12951,14665.715450468811,1714.7154504688115,88.308,104357.4462732683,12.410230857975169,14.053348346667535
JORGE NIETO MONTESINOS,MADRE DE DIOS,TAMBOPATA,3402,3852.4256013045247,450.42560130452466,88.308,104357.4462732683,3.259949454005986,3.691567529562424
RAFAEL BERNARDO LÓPEZ ALIAGA CAZORLA,MADRE DE DIOS,TAMBOPATA,2197,2487.8833174797296,290.8833174797296,88.308,104357.4462732683,2.1052642417551883,2.3840017232359334
ROBERTO HELBERT SANCHEZ PALOMINO,MOQUEGUA,GENERAL SÁNCHEZ CERRO,2014,2190.6781965519117,176.6781965519117,91.935,131293.0500306233,1.5339730469588808,1.6685408679598421
JORGE NIETO MONTESINOS,MOQUEGUA,GENERAL SÁNCHEZ CERRO,629,684.1790395388045,55.179039538804545,91.935,131293.0500306233,0.4790809565725601,0.5211083445614402
RAFAEL BERNARDO LÓPEZ ALIAGA CAZORLA,MOQUEGUA,GENERAL SÁNCHEZ CERRO,150,163.15875346712352,13.158753467123518,91.935,131293.0500306233,0.11424824083606361,0.12427067040415905
JORGE NIETO MONTESINOS,MOQUEGUA,ILO,5247,5633.878431919942,386.87843191994216,93.133,131293.0500306233,3.9964034644455055,4.29107133287396
ROBERTO HELBERT SANCHEZ PALOMINO,MOQUEGUA,ILO,4655,4998.228340115748,343.2283401157483,93.133,131293.0500306233,3.5455037406125074,3.80692530103455
RAFAEL BERNARDO LÓPEZ ALIAGA CAZORLA,MOQUEGUA,ILO,3705,3978.1817400921263,273.18174009212635,93.133,131293.0500306233,2.8219315486507712,3.0300017702111726
ROBERTO HELBERT SANCHEZ PALOMINO,MOQUEGUA,MARISCAL NIETO,7243,7453.716567359246,210.71656735924626,97.173,131293.0500306233,5.516666722504058,5.677160036742777
JORGE NIETO MONTESINOS,MOQUEGUA,MARISCAL NIETO,5440,5598.262891955585,158.26289195558456,97.173,131293.0500306233,4.143402867654573,4.263944580958264
RAFAEL BERNARDO LÓPEZ ALIAGA CAZORLA,MOQUEGUA,MARISCAL NIETO,2458,2529.5092258137547,71.50922581375471,97.173,131293.0500306233,1.872147839833629,1.926613194852098
ROBERTO HELBERT SANCHEZ PALOMINO,PASCO,DANIEL ALCIDES CARRIÓN,5189,5338.697065722869,149.6970657228694,97.196,146242.3269999802,3.5482203452634495,3.6505826837148128
JORGE NIETO MONTESINOS,PASCO,DANIEL ALCIDES CARRIÓN,344,353.92402979546483,9.924029795464833,97.196,146242.3269999802,0.23522601633660178,0.24201203376332542
RAFAEL BERNARDO LÓPEZ ALIAGA CAZORLA,PASCO,DANIEL ALCIDES CARRIÓN,311,319.972015309272,8.972015309272024,97.196,146242.3269999802,0.21266072988570683,0.2187957630825413
ROBERTO HELBERT SANCHEZ PALOMINO,PASCO,OXAPAMPA,5853,6397.909994206574,544.9099942065741,91.483,146242.3269999802,4.00226126051782,4.3748688395853
RAFAEL BERNARDO LÓPEZ ALIAGA CAZORLA,PASCO,OXAPAMPA,4381,4788.867877091919,407.8678770919187,91.483,146242.3269999802,2.9957127254960825,3.274611376426311
JORGE NIETO MONTESINOS,PASCO,OXAPAMPA,1306,1427.5876392335188,121.58763923351876,91.483,146242.3269999802,0.8930383062081451,0.9761795155473094
ROBERTO HELBERT SANCHEZ PALOMINO,PASCO,PASCO,9172,9934.147820812756,762.1478208127555,92.328,146242.3269999802,6.271782040230556,6.792936097641622
JORGE NIETO MONTESINOS,PASCO,PASCO,3156,3418.2479854432027,262.24798544320265,92.328,146242.3269999802,2.1580619405764976,2.3373862106581944
RAFAEL BERNARDO LÓPEZ ALIAGA CAZORLA,PASCO,PASCO,2316,2508.44814140889,192.44814140889002,92.328,146242.3269999802,1.5836728309173538,1.7152682078214125
ROBERTO HELBERT SANCHEZ PALOMINO,PIURA,AYABACA,16870,18991.11796557508,2121.1179655750784,88.831,1148148.3311693156,1.4693223464270495,1.6540648494636438
JORGE NIETO MONTESINOS,PIURA,AYABACA,783,881.4490436897029,98.44904368970288,88.831,1148148.3311693156,0.06819676332260698,0.07677135608358228
RAFAEL BERNARDO LÓPEZ ALIAGA CAZORLA,PIURA,AYABACA,672,756.4926658486339,84.49266584863392,88.831,1148148.3311693156,0.05852902292821442,0.06588806039357253
ROBERTO HELBERT SANCHEZ PALOMINO,PIURA,HUANCABAMBA,19645,21585.30287547659,1940.302875476591,91.011,1148148.3311693156,1.7110158562868638,1.880009950760747
JORGE NIETO MONTESINOS,PIURA,HUANCABAMBA,849,932.8542703629232,83.85427036292322,91.011,1148148.3311693156,0.07394514950305661,0.08124858478981291
RAFAEL BERNARDO LÓPEZ ALIAGA CAZORLA,PIURA,HUANCABAMBA,801,880.1133928865742,79.11339288657416,91.011,1148148.3311693156,0.06976450500818415,0.07665502522572454
ROBERTO HELBERT SANCHEZ PALOMINO,PIURA,MORROPÓN,7298,9293.382062677483,1995.3820626774832,78.529,1148148.3311693156,0.6356321567412334,0.809423469980814
RAFAEL BERNARDO LÓPEZ ALIAGA CAZORLA,PIURA,MORROPÓN,3657,4656.878350673001,999.8783506730006,78.529,1148148.3311693156,0.31851285245309546,0.4055990175006628
JORGE NIETO MONTESINOS,PIURA,MORROPÓN,3441,4381.820728648016,940.8207286480156,78.529,1148148.3311693156,0.29969995222616935,0.38164238972375736
JORGE NIETO MONTESINOS,PIURA,PAITA,6123,6435.575922558675,312.5759225586753,95.143,1148148.3311693156,0.533293463377168,0.560517813582889
ROBERTO HELBERT SANCHEZ PALOMINO,PIURA,PAITA,4199,4413.356736701597,214.35673670159667,95.143,1148148.3311693156,0.3657192965410303,0.3843890738583294
RAFAEL BERNARDO LÓPEZ ALIAGA CAZORLA,PIURA,PAITA,2200,2312.3088403771167,112.30884037711667,95.143,1148148.3311693156,0.19161287268165436,0.20139460883265647
JORGE NIETO MONTESINOS,PIURA,PIURA,37962,41796.40191134698,3834.4019113469767,90.826,1148148.3311693156,3.3063672148822563,3.6403311990864466
RAFAEL BERNARDO LÓPEZ ALIAGA CAZORLA,PIURA,PIURA,33283,36644.79334111378,3361.7933411137783,90.826,1148148.3311693156,2.8988414733925008,3.1916427822347138
ROBERTO HELBERT SANCHEZ PALOMINO,PIURA,PIURA,28653,31547.134080549626,2894.1340805496257,90.826,1148148.3311693156,2.4955834731579283,2.7476531754761067
JORGE NIETO MONTESINOS,PIURA,SECHURA,3431,3666.460065399987,235.4600653999869,93.578,1148148.3311693156,0.29882898462307095,0.31933679350175354
ROBERTO HELBERT SANCHEZ PALOMINO,PIURA,SECHURA,2635,2815.8327812092584,180.83278120925843,93.578,1148148.3311693156,0.22949996341643603,0.24524991281758107
RAFAEL BERNARDO LÓPEZ ALIAGA CAZORLA,PIURA,SECHURA,734,784.3723952210989,50.37239522109894,93.578,1148148.3311693156,0.06392902206742468,0.06831629450022941
JORGE NIETO MONTESINOS,PIURA,SULLANA,10469,12701.243554746741,2232.243554746741,82.425,1148148.3311693156,0.9118159836837453,1.1062371655247139
RAFAEL BERNARDO LÓPEZ ALIAGA CAZORLA,PIURA,SULLANA,7941,9634.212920837126,1693.2129208371261,82.425,1148148.3311693156,0.6916353736204625,0.8391087335401426
ROBERTO HELBERT SANCHEZ PALOMINO,PIURA,SULLANA,6903,8374.886260236579,1471.886260236579,82.425,1148148.3311693156,0.6012289364188456,0.7294254612300218
JORGE NIETO MONTESINOS,PIURA,TALARA,6711,7270.225765914112,559.2257659141123,92.308,1148148.3311693156,0.5845063584393556,0.6332131109322654
RAFAEL BERNARDO LÓPEZ ALIAGA CAZORLA,PIURA,TALARA,3947,4275.90241365862,328.9024136586204,92.308,1148148.3311693156,0.3437709129429499,0.37241724763070355
ROBERTO HELBERT SANCHEZ PALOMINO,PIURA,TALARA,2275,2464.5751180829393,189.5751180829393,92.308,1148148.3311693156,0.19814512970489256,0.2146565083252725
ROBERTO HELBERT SANCHEZ PALOMINO,PUNO,AZÁNGARO,23871,24807.224658616175,936.2246586161746,96.226,769855.5692430633,3.1007114780595044,3.2223219068230042
JORGE NIETO MONTESINOS,PUNO,AZÁNGARO,1474,1531.8105293787542,57.810529378754154,96.226,769855.5692430633,0.191464484883738,0.19897375437380538
RAFAEL BERNARDO LÓPEZ ALIAGA CAZORLA,PUNO,AZÁNGARO,621,645.355725063912,24.35572506391202,96.226,769855.5692430633,0.08066448108059789,0.08382815567580268
ROBERTO HELBERT SANCHEZ PALOMINO,PUNO,CARABAYA,9932,10542.293362770803,610.2933627708026,94.211,769855.5692430633,1.2901121193115914,1.369385867161575
JORGE NIETO MONTESINOS,PUNO,CARABAYA,984,1044.464022247933,60.46402224793292,94.211,769855.5692430633,0.12781618258181693,0.13567012618676902
RAFAEL BERNARDO LÓPEZ ALIAGA CAZORLA,PUNO,CARABAYA,312,331.17151924934456,19.171519249344556,94.211,769855.5692430633,0.04052708228203952,0.04301735708360968
ROBERTO HELBERT SANCHEZ PALOMINO,PUNO,CHUCUITO,13326,14001.576044129235,675.576044129235,95.175,769855.5692430633,1.730974033623265,1.8187276423674965
JORGE NIETO MONTESINOS,PUNO,CHUCUITO,820,861.5707906488049,41.57079064880486,95.175,769855.5692430633,0.10651348548484744,0.11191330232187807
RAFAEL BERNARDO LÓPEZ ALIAGA CAZORLA,PUNO,CHUCUITO,372,390.8589440504334,18.858944050433422,95.175,769855.5692430633,0.0483207519516625,0.05077042495577884
ROBERTO HELBERT SANCHEZ PALOMINO,PUNO,EL COLLAO,12143,12404.106440574085,261.10644057408535,97.895,769855.5692430633,1.5773088466371983,1.6112251357446226
JORGE NIETO MONTESINOS,PUNO,EL COLLAO,750,766.1269727769549,16.126972776954858,97.895,769855.5692430633,0.09742087087028731,0.09951567584686379
RAFAEL BERNARDO LÓPEZ ALIAGA CAZORLA,PUNO,EL COLLAO,282,288.06374176413505,6.063741764135045,97.895,769855.5692430633,0.03663024744722802,0.03741789411842079
ROBERTO HELBERT SANCHEZ PALOMINO,PUNO,HUANCANÉ,12534,13106.628603695455,572.6286036954552,95.631,769855.5692430633,1.6280975939842415,1.702478896993905
JORGE NIETO MONTESINOS,PUNO,HUANCANÉ,666,696.4268908617498,30.426890861749825,95.631,769855.5692430633,0.08650973333281513,0.09046201894031759
RAFAEL BERNARDO LÓPEZ ALIAGA CAZORLA,PUNO,HUANCANÉ,324,338.80227123004045,14.802271230040446,95.631,769855.5692430633,0.04208581621596411,0.0440085497547491
ROBERTO HELBERT SANCHEZ PALOMINO,PUNO,LAMPA,7244,7350.508873578147,106.50887357814736,98.551,769855.5692430633,0.9409557181124817,0.9547906344050103
JORGE NIETO MONTESINOS,PUNO,LAMPA,751,762.0419884120912,11.0419884120912,98.551,769855.5692430633,0.09755076536478102,0.09898505886777509
RAFAEL BERNARDO LÓPEZ ALIAGA CAZORLA,PUNO,LAMPA,301,305.42561719312846,4.42561719312846,98.551,769855.5692430633,0.03909824284260864,0.03967310615073276
ROBERTO HELBERT SANCHEZ PALOMINO,PUNO,MELGAR,9806,10054.85772878749,248.8577287874905,97.525,769855.5692430633,1.2737454130053831,1.3060706618870885
JORGE NIETO MONTESINOS,PUNO,MELGAR,1365,1399.6411176621377,34.64111766213773,97.525,769855.5692430633,0.1773059849839229,0.18180567545134363
RAFAEL BERNARDO LÓPEZ ALIAGA CAZORLA,PUNO,MELGAR,458,469.62317354524475,11.623173545244754,97.525,769855.5692430633,0.05949167847812212,0.061001464730194424
ROBERTO HELBERT SANCHEZ PALOMINO,PUNO,MOHO,4250,4512.3479073323,262.34790733229966,94.186,769855.5692430633,0.5520516015982947,0.5861291504027082
JORGE NIETO MONTESINOS,PUNO,MOHO,199,211.28405495508886,12.284054955088862,94.186,769855.5692430633,0.025849004404249566,0.027444635512973863
RAFAEL BERNARDO LÓPEZ ALIAGA CAZORLA,PUNO,MOHO,74,78.56794003355063,4.567940033550627,94.186,769855.5692430633,0.009612192592535014,0.010205542854070682
ROBERTO HELBERT SANCHEZ PALOMINO,PUNO,PUNO,20190,20775.238467633226,585.2384676332258,97.183,769855.5692430633,2.6225698438281344,2.698589098739629
JORGE NIETO MONTESINOS,PUNO,PUNO,7919,8148.5444985234035,229.5444985234035,97.183,769855.5692430633,1.0286345018957401,1.0584510684952513
RAFAEL BERNARDO LÓPEZ ALIAGA CAZORLA,PUNO,PUNO,3888,4000.699710854779,112.69971085477891,97.183,769855.5692430633,0.5050297945915694,0.5196688665626389
ROBERTO HELBERT SANCHEZ PALOMINO,PUNO,SAN ANTONIO DE PUTINA,5858,5995.84446423271,137.84446423271038,97.701,769855.5692430633,0.7609219487441907,0.7788271857444559
JORGE NIETO MONTESINOS,PUNO,SAN ANTONIO DE PUTINA,427,437.04772724946525,10.047727249465254,97.701,769855.5692430633,0.0554649491488169,0.05677009360069694
RAFAEL BERNARDO LÓPEZ ALIAGA CAZORLA,PUNO,SAN ANTONIO DE PUTINA,149,152.50611559758858,3.5061155975885754,97.701,769855.5692430633,0.019354279679563744,0.019809704792749048
ROBERTO HELBERT SANCHEZ PALOMINO,PUNO,SANDIA,9006,9166.785416200151,160.7854162001513,98.246,769855.5692430633,1.16982981741041,1.1907149577696905
JORGE NIETO MONTESINOS,PUNO,SANDIA,549,558.8013761374509,9.801376137450916,98.246,769855.5692430633,0.0713120774770503,0.07258522227576727
RAFAEL BERNARDO LÓPEZ ALIAGA CAZORLA,PUNO,SANDIA,169,172.01718136107323,3.017181361073227,98.246,769855.5692430633,0.021952169569438074,0.022344084817130544
ROBERTO HELBERT SANCHEZ PALOMINO,PUNO,SAN ROMÁN,23953,24391.808637386584,438.80863738658445,98.201,769855.5692430633,3.1113628266079894,3.168361652740796
JORGE NIETO MONTESINOS,PUNO,SAN ROMÁN,9872,10052.850785633547,180.85078563354728,98.201,769855.5692430633,1.2823184496419684,1.3058099710206295
RAFAEL BERNARDO LÓPEZ ALIAGA CAZORLA,PUNO,SAN ROMÁN,4991,5082.432969114368,91.43296911436755,98.201,769855.5692430633,0.6483034220181385,0.6601800613213089
ROBERTO HELBERT SANCHEZ PALOMINO,PUNO,YUNGUYO,4703,5019.531666915705,316.5316669157046,93.694,769855.5692430633,0.6108938076039483,0.6520095284692171
JORGE NIETO MONTESINOS,PUNO,YUNGUYO,533,568.8731402224262,35.87314022242617,93.694,769855.5692430633,0.06923376556515085,0.0738934889802451
RAFAEL BERNARDO LÓPEZ ALIAGA CAZORLA,PUNO,YUNGUYO,198,211.3262322027024,13.326232202702414,93.694,769855.5692430633,0.025719109909755847,0.027450114105231762
ROBERTO HELBERT SANCHEZ PALOMINO,SAN MARTIN,BELLAVISTA,7624,8295.251773512642,671.2517735126421,91.908,533020.0090205551,1.4303403007345625,1.5562739921819235
RAFAEL BERNARDO LÓPEZ ALIAGA CAZORLA,SAN MARTIN,BELLAVISTA,1232,1340.470905688297,108.47090568829708,91.908,533020.0090205551,0.23113578836634063,0.2514860386107201
JORGE NIETO MONTESINOS,SAN MARTIN,BELLAVISTA,469,510.2929015972494,41.2929015972494,91.908,533020.0090205551,0.08798919216218651,0.09573616242567186
ROBERTO HELBERT SANCHEZ PALOMINO,SAN MARTIN,EL DORADO,5795,6163.778891051618,368.7788910516183,94.017,533020.0090205551,1.0872012123238182,1.1563879004050526
RAFAEL BERNARDO LÓPEZ ALIAGA CAZORLA,SAN MARTIN,EL DORADO,637,677.5370411734049,40.53704117340487,94.017,533020.0090205551,0.11950770875759659,0.12711287188231554
JORGE NIETO MONTESINOS,SAN MARTIN,EL DORADO,238,253.14570769116224,15.145707691162244,94.017,533020.0090205551,0.044651231843497625,0.047492721362623384
ROBERTO HELBERT SANCHEZ PALOMINO,SAN MARTIN,HUALLAGA,3110,3369.1554361485455,259.1554361485455,92.308,533020.0090205551,0.5834677774507463,0.6320879852783574
RAFAEL BERNARDO LÓPEZ ALIAGA CAZORLA,SAN MARTIN,HUALLAGA,1035,1121.246262512458,86.24626251245809,92.308,533020.0090205551,0.19417657545386574,0.210357255550836
JORGE NIETO MONTESINOS,SAN MARTIN,HUALLAGA,255,276.2490791697361,21.249079169736092,92.308,533020.0090205551,0.047840605546604596,0.05182714991832192
ROBERTO HELBERT SANCHEZ PALOMINO,SAN MARTIN,LAMAS,8558,9075.580347200865,517.5803472008647,94.297,533020.0090205551,1.6055682441876162,1.7026716058704052
RAFAEL BERNARDO LÓPEZ ALIAGA CAZORLA,SAN MARTIN,LAMAS,1617,1714.7947442654593,97.79474426545926,94.297,533020.0090205551,0.30336572223082214,0.32171301550507664
JORGE NIETO MONTESINOS,SAN MARTIN,LAMAS,954,1011.6970847428869,57.69708474288689,94.297,533020.0090205551,0.17898014780965016,0.18980471044640887
ROBERTO HELBERT SANCHEZ PALOMINO,SAN MARTIN,MARISCAL CÁCERES,5516,5930.481340916665,414.48134091666543,93.011,533020.0090205551,1.0348579615492979,1.1126188962050703
RAFAEL BERNARDO LÓPEZ ALIAGA CAZORLA,SAN MARTIN,MARISCAL CÁCERES,1097,1179.4303899538763,82.43038995387633,93.011,533020.0090205551,0.20580840895931465,0.22127319237435858
JORGE NIETO MONTESINOS,SAN MARTIN,MARISCAL CÁCERES,668,718.1946221414671,50.19462214146711,93.011,533020.0090205551,0.12532362551032106,0.1347406495041673
ROBERTO HELBERT SANCHEZ PALOMINO,SAN MARTIN,MOYOBAMBA,15060,15898.98968571519,838.9896857151907,94.723,533020.0090205551,2.8254098805171184,2.9828129182111196
RAFAEL BERNARDO LÓPEZ ALIAGA CAZORLA,SAN MARTIN,MOYOBAMBA,3354,3540.8506909620683,186.85069096206826,94.723,533020.0090205551,0.6292446706012228,0.6642997694342692
JORGE NIETO MONTESINOS,SAN MARTIN,MOYOBAMBA,2939,3102.7311212693853,163.7311212693853,94.723,533020.0090205551,0.5513864302018467,0.5821040615287172
ROBERTO HELBERT SANCHEZ PALOMINO,SAN MARTIN,PICOTA,4970,5512.911527198509,542.9115271985092,90.152,533020.0090205551,0.9324227826142151,1.0342785324942487
RAFAEL BERNARDO LÓPEZ ALIAGA CAZORLA,SAN MARTIN,PICOTA,856,949.5074984470672,93.50749844706718,90.152,533020.0090205551,0.1605943464623276,0.17813730861470362
JORGE NIETO MONTESINOS,SAN MARTIN,PICOTA,564,625.6100807525069,61.61008075250686,90.152,533020.0090205551,0.10581216285601959,0.11737084352651031
ROBERTO HELBERT SANCHEZ PALOMINO,SAN MARTIN,RIOJA,19232,20227.60259997055,995.6025999705489,95.078,533020.0090205551,3.6081197093031356,3.7949049299555475
RAFAEL BERNARDO LÓPEZ ALIAGA CAZORLA,SAN MARTIN,RIOJA,2007,2110.898420244431,103.89842024443078,95.078,533020.0090205551,0.37653370718445267,0.3960261124386847
JORGE NIETO MONTESINOS,SAN MARTIN,RIOJA,1959,2060.413555186268,101.41355518626779,95.078,533020.0090205551,0.36752841672862124,0.3865546359080136
ROBERTO HELBERT SANCHEZ PALOMINO,SAN MARTIN,SAN MARTÍN,8446,9095.706301086617,649.7063010866168,92.857,533020.0090205551,1.5845558997906763,1.7064474404629444
RAFAEL BERNARDO LÓPEZ ALIAGA CAZORLA,SAN MARTIN,SAN MARTÍN,8264,8899.705999547692,635.705999547692,92.857,533020.0090205551,1.5504108401456487,1.6696757811965157
JORGE NIETO MONTESINOS,SAN MARTIN,SAN MARTÍN,7651,8239.55113777098,588.5511377709809,92.857,533020.0090205551,1.4354057766159678,1.545823983777171
ROBERTO HELBERT SANCHEZ PALOMINO,SAN MARTIN,TOCACHE,6906,9811.610263404655,2905.6102634046547,70.386,533020.0090205551,1.2956361643327503,1.8407583387786641
RAFAEL BERNARDO LÓPEZ ALIAGA CAZORLA,SAN MARTIN,TOCACHE,1022,1451.9932941209902,429.9932941209902,70.386,533020.0090205551,0.19173764262207804,0.2724087781974797
JORGE NIETO MONTESINOS,SAN MARTIN,TOCACHE,448,636.4902111215299,188.4902111215299,70.386,533020.0090205551,0.08404937758776024,0.11941206715505959
ROBERTO HELBERT SANCHEZ PALOMINO,TACNA,CANDARAVE,887,967.6328449714729,80.63284497147288,91.667,248905.3602351475,0.3563603448162095,0.38875532614376984
JORGE NIETO MONTESINOS,TACNA,CANDARAVE,180,196.36292231664612,16.36292231664612,91.667,248905.3602351475,0.0723166426910008,0.07889059606074247
RAFAEL BERNARDO LÓPEZ ALIAGA CAZORLA,TACNA,CANDARAVE,61,66.54521256286341,5.545212562863412,91.667,248905.3602351475,0.02450730668972805,0.02673514644280717
ROBERTO HELBERT SANCHEZ PALOMINO,TACNA,JORGE BASADRE,1417,1562.3277249773978,145.3277249773978,90.698,248905.3602351475,0.5692926816286008,0.6276794214079703
JORGE NIETO MONTESINOS,TACNA,JORGE BASADRE,649,715.5615338816733,66.56153388167331,90.698,248905.3602351475,0.260741672813664,0.2874833764952524
RAFAEL BERNARDO LÓPEZ ALIAGA CAZORLA,TACNA,JORGE BASADRE,278,306.51172021433774,28.511720214337743,90.698,248905.3602351475,0.11168903704499011,0.12314388084080148
JORGE NIETO MONTESINOS,TACNA,TACNA,23006,24129.46803154892,1123.4680315489204,95.344,248905.3602351475,9.242870454162025,9.694233988674721
ROBERTO HELBERT SANCHEZ PALOMINO,TACNA,TACNA,21683,22741.86105051183,1058.8610505118304,95.344,248905.3602351475,8.711343130383169,9.136750220656955
RAFAEL BERNARDO LÓPEZ ALIAGA CAZORLA,TACNA,TACNA,12626,13242.574257425744,616.5742574257438,95.344,248905.3602351475,5.072610725647645,5.320325060462793
ROBERTO HELBERT SANCHEZ PALOMINO,TACNA,TARATA,974,1046.1531851820027,72.15318518200274,93.103,248905.3602351475,0.39131338878352656,0.4203015894047738
JORGE NIETO MONTESINOS,TACNA,TARATA,264,283.55692082961883,19.556920829618832,93.103,248905.3602351475,0.10606440928013451,0.1139215807010886
RAFAEL BERNARDO LÓPEZ ALIAGA CAZORLA,TACNA,TARATA,86,92.37081511873947,6.370815118739472,93.103,248905.3602351475,0.034551284841255935,0.037110817955657655
RAFAEL BERNARDO LÓPEZ ALIAGA CAZORLA,TUMBES,CONTRALMIRANTE VILLAR,576,650.6636543349335,74.66365433493354,88.525,141584.20013306258,0.40682505495575644,0.4595595085634074
ROBERTO HELBERT SANCHEZ PALOMINO,TUMBES,CONTRALMIRANTE VILLAR,469,529.7938435470205,60.793843547020515,88.525,141584.20013306258,0.3312516506497392,0.3741899470768022
JORGE NIETO MONTESINOS,TUMBES,CONTRALMIRANTE VILLAR,464,524.1457215475854,60.14572154758537,88.525,141584.20013306258,0.3277201831588038,0.3702007152316337
ROBERTO HELBERT SANCHEZ PALOMINO,TUMBES,TUMBES,4537,4959.825088822083,422.82508882208276,91.475,141584.20013306258,3.204453601274769,3.5030922123801793
RAFAEL BERNARDO LÓPEZ ALIAGA CAZORLA,TUMBES,TUMBES,4403,4813.336977316207,410.3369773162067,91.475,141584.20013306258,3.109810272517701,3.3996286116618757
JORGE NIETO MONTESINOS,TUMBES,TUMBES,4323,4725.881388357475,402.88138835747486,91.475,141584.20013306258,3.0533067926627346,3.3378592978002017
ROBERTO HELBERT SANCHEZ PALOMINO,TUMBES,ZARUMILLA,1910,2144.8383510572594,234.8383510572594,89.051,141584.20013306258,1.3490205815373173,1.514885382014034
RAFAEL BERNARDO LÓPEZ ALIAGA CAZORLA,TUMBES,ZARUMILLA,977,1097.1241198863572,120.12411988635722,89.051,141584.20013306258,0.6900487477287743,0.7748916325799535
JORGE NIETO MONTESINOS,TUMBES,ZARUMILLA,809,908.4681811546193,99.46818115461929,89.051,141584.20013306258,0.5713914400333454,0.6416451696593474
ROBERTO HELBERT SANCHEZ PALOMINO,UCAYALI,ATALAYA,2078,2487.7587424726744,409.7587424726744,83.529,301941.53000394517,0.6882127145520025,0.8239206916783423
RAFAEL BERNARDO LÓPEZ ALIAGA CAZORLA,UCAYALI,ATALAYA,530,634.510170120557,104.51017012055695,83.529,301941.53000394517,0.1755306731051787,0.21014339104404303
JORGE NIETO MONTESINOS,UCAYALI,ATALAYA,207,247.81812304708546,40.818123047085464,83.529,301941.53000394517,0.0685563194957962,0.082074871596447
ROBERTO HELBERT SANCHEZ PALOMINO,UCAYALI,CORONEL PORTILLO,13620,15516.062884483938,1896.0628844839375,87.78,301941.53000394517,4.510807108853837,5.138764079350463
RAFAEL BERNARDO LÓPEZ ALIAGA CAZORLA,UCAYALI,CORONEL PORTILLO,9445,10759.854180906812,1314.854180906812,87.78,301941.53000394517,3.128089070713986,3.5635555601663085
JORGE NIETO MONTESINOS,UCAYALI,CORONEL PORTILLO,7924,9027.113237639553,1103.1132376395526,87.78,301941.53000394517,2.624349157897049,2.9896891750934707
ROBERTO HELBERT SANCHEZ PALOMINO,UCAYALI,PADRE ABAD,9792,10880.0,1088.0,90.0,301941.53000394517,3.24301198310549,3.6033466478949885
RAFAEL BERNARDO LÓPEZ ALIAGA CAZORLA,UCAYALI,PADRE ABAD,1289,1432.2222222222222,143.22222222222217,90.0,301941.53000394517,0.4269038445897648,0.47433760509973855
JORGE NIETO MONTESINOS,UCAYALI,PADRE ABAD,627,696.6666666666666,69.66666666666663,90.0,301941.53000394517,0.20765609818291894,0.230728997981021
ROBERTO HELBERT SANCHEZ PALOMINO,UCAYALI,PURÚS,136,233.14418939536796,97.14418939536796,58.333,301941.53000394517,0.04504183309868736,0.07721501225496263
RAFAEL BERNARDO LÓPEZ ALIAGA CAZORLA,UCAYALI,PURÚS,14,24.00013714364082,10.00013714364082,58.333,301941.53000394517,0.004636659289570758,0.007948604202716742
JORGE NIETO MONTESINOS,UCAYALI,PURÚS,3,5.142886530780176,2.142886530780176,58.333,301941.53000394517,0.0009935698477651622,0.0017032723291535879
RAFAEL BERNARDO LÓPEZ ALIAGA CAZORLA,EXTERIOR_AFRICA,EXTERIOR_AFRICA,24,35.999820000899994,11.999820000899994,66.667,89.99955000224999,26.666800000000002,40.0
JORGE NIETO MONTESINOS,EXTERIOR_AFRICA,EXTERIOR_AFRICA,6,8.999955000224999,2.9999550002249986,66.667,89.99955000224999,6.6667000000000005,10.0
ROBERTO HELBERT SANCHEZ PALOMINO,EXTERIOR_AFRICA,EXTERIOR_AFRICA,0,0.0,0.0,66.667,89.99955000224999,0.0,0.0
RAFAEL BERNARDO LÓPEZ ALIAGA CAZORLA,EXTERIOR_AMERICA,EXTERIOR_AMERICA,25360,54917.92628524406,29557.92628524406,46.178,208146.73654121012,12.183712520027465,26.3842360431969
JORGE NIETO MONTESINOS,EXTERIOR_AMERICA,EXTERIOR_AMERICA,6735,14584.867252804366,7849.867252804366,46.178,208146.73654121012,3.2356981002517737,7.007012214153437
ROBERTO HELBERT SANCHEZ PALOMINO,EXTERIOR_AMERICA,EXTERIOR_AMERICA,1893,4099.354671055481,2206.354671055481,46.178,208146.73654121012,0.9094545662623025,1.969454212530431
RAFAEL BERNARDO LÓPEZ ALIAGA CAZORLA,EXTERIOR_ASIA,EXTERIOR_ASIA,1504,3218.558068865159,1714.558068865159,46.729,11010.293393823964,13.659944800777454,29.232264334305153
JORGE NIETO MONTESINOS,EXTERIOR_ASIA,EXTERIOR_ASIA,199,425.85974448415334,226.85974448415334,46.729,11010.293393823964,1.8073996112730806,3.867832847424684
ROBERTO HELBERT SANCHEZ PALOMINO,EXTERIOR_ASIA,EXTERIOR_ASIA,23,49.21997046801772,26.21997046801772,46.729,11010.293393823964,0.20889543245869777,0.44703595724003886
RAFAEL BERNARDO LÓPEZ ALIAGA CAZORLA,EXTERIOR_EUROPA,EXTERIOR_EUROPA,11713,28077.955700450664,16364.955700450664,41.716,158164.73295617988,7.4055699909063355,17.75234919672628
JORGE NIETO MONTESINOS,EXTERIOR_EUROPA,EXTERIOR_EUROPA,7440,17834.88349793844,10394.883497938441,41.716,158164.73295617988,4.703956350409215,11.276144286147318
ROBERTO HELBERT SANCHEZ PALOMINO,EXTERIOR_EUROPA,EXTERIOR_EUROPA,1171,2807.076421516924,1636.0764215169238,41.716,158164.73295617988,0.7403673234313428,1.7747802364352832
RAFAEL BERNARDO LÓPEZ ALIAGA CAZORLA,EXTERIOR_OCEANIA,EXTERIOR_OCEANIA,99,692.9861402771945,593.9861402771945,14.286,1756.9648607027862,5.634717131474103,39.44223107569721
JORGE NIETO MONTESINOS,EXTERIOR_OCEANIA,EXTERIOR_OCEANIA,42,293.9941201175977,251.99412011759767,14.286,1756.9648607027862,2.390486055776892,16.733067729083665
ROBERTO HELBERT SANCHEZ PALOMINO,EXTERIOR_OCEANIA,EXTERIOR_OCEANIA,1,6.999860002799944,5.999860002799944,14.286,1756.9648607027862,0.056916334661354574,0.398406374501992
